timestamp,floorNumber,x,y
7.610746,0,2383.3189800841046,4784.274461002366
8.806271,0,2309.547587102254,4697.046708549536
9.696963,0,2242.4826843914807,4609.818956096705
10.641273,0,2229.069703849326,4502.461722308607
11.426221,0,2202.243742765017,4408.5241427440205
12.208123,0,2202.243742765017,4354.845525849971
14.502716,0,2215.6567233071714,4267.617773397141
15.435969,0,2222.363213578249,4187.0998480560675
16.338213,0,2215.6567233071714,4086.452441379724
17.147631,0,2208.9502330360942,4005.9345160386506
17.723288,0,2202.243742765017,3905.2871093623075
18.397047,0,2195.5372524939394,3824.7691840212337
19.27125,0,2175.417781680708,3710.702123121379
22.688118,0,2128.4723497831665,3603.3448893332807
23.734803,0,2121.765859512089,3522.826963992206
24.772887,0,2121.765859512089,3395.340248868839
26.983823,0,2041.287976259161,3308.1124964160085
30.888621,0,1967.5165832773102,3227.5945710749347
32.338568,0,1940.6906221930012,3126.9471643985926
35.34266,0,1933.9841319219238,3033.009584834006
36.34114,0,1913.864661108692,2918.9425239341513
38.61723,0,1866.9192292111507,2831.7147714813213
40.660134,0,1846.7997583979188,2751.1968461402466
45.366167,0,1853.5062486689958,2643.8396123521484
46.924171,0,1866.9192292111507,2529.7725514522936
48.451138,0,1873.6257194822279,2429.125144775951
50.621419,0,1880.3322097533053,2328.4777380996084
52.626601,0,1893.74519029546,2254.6696398702907
55.021764,0,1907.1581708376143,2133.8927518586797
58.880647,0,1933.9841319219238,2060.084653629362
62.355365,0,1987.6360540905425,2019.8256909588247
75.769412,0,2041.287976259161,2046.6649994058496
76.67881,0,2101.6463886988568,2100.3436162998987
77.525991,0,2175.417781680708,2147.312406082192
78.288258,0,2222.363213578249,2200.9910229762413
79.154959,0,2289.428116289022,2234.5401585350223
80.010418,0,2343.080038457641,2261.379466982047
81.818564,0,2383.3189800841046,2308.34825676434
82.862411,0,2363.1995092708726,2368.7367007701455
84.987404,0,2336.3735481865633,2435.834971887707
86.767738,0,2336.3735481865633,2496.2234158935125
90.518059,0,2336.3735481865633,2570.0315141228307
95.145855,0,2349.786528728718,2489.5135887817564
95.989869,0,2336.3735481865633,2408.995663440682
97.052384,0,2356.493018999795,2341.897392323121
98.509033,0,2390.0254703551823,2261.379466982047
100.003128,0,2430.264411981646,2214.4106771997535
101.35366,0,2504.0358049634965,2187.571368752729
102.882526,0,2604.6331590296563,2167.4418874174607
104.072961,0,2705.230513095816,2167.4418874174607
106.887385,0,2792.4148866198216,2160.732060305704
109.577445,0,2872.8927698727493,2127.1829247469236
111.628265,0,2953.370653125677,2080.2141349646304
113.536506,0,2980.196614209987,2019.8256909588247
114.445702,0,3000.3160850232184,1939.3077656177509
116.183057,0,3047.2615169207597,1885.6291487237013
123.938599,0,3060.6744974629146,1805.1112233826273
127.790422,0,3060.6744974629146,1724.5932980415535
128.762897,0,3067.380987733992,1644.0753727004794
129.554336,0,3067.380987733992,1556.847620247649
130.327995,0,3094.206948818301,1469.6198677948191
131.24585,0,3167.9783418001516,1415.9412509007698
132.360128,0,3208.2172834266157,1375.6822882302326
133.424066,0,3275.282186137389,1348.8429797832082
134.438715,0,3355.760069390317,1295.1643628891588
135.367299,0,3416.1184818300126,1301.8741900009147
137.913393,0,3463.0639137275543,1355.552806894964
139.149326,0,3463.0639137275543,1402.5215966772573
140.083313,0,3449.6509331853995,1496.4591762418438
141.946815,0,3449.6509331853995,1563.5574473594054
144.027053,0,3483.1833845407864,1644.0753727004794
145.642216,0,3556.954777522637,1644.0753727004794
157.912731,0,3657.5521315887963,1644.0753727004794
158.957274,0,3731.323524570647,1644.0753727004794
160.621523,0,3811.801407823575,1677.6245082592602
161.511875,0,3852.040349450039,1751.4326064885781
164.431168,0,3838.6273689078844,1811.8210504943836
170.863915,0,3831.920878636807,1751.4326064885781
171.914275,0,3865.453329992194,1717.8834709297973
172.714989,0,3919.105252160812,1670.914681147504
173.399858,0,4006.2896256848176,1623.9458913652109
176.890851,0,4073.354528395591,1576.9771015829178
178.203016,0,4133.712940835287,1509.878830465356
181.013083,0,4194.071353274982,1442.7805593477945
184.673345,0,4207.484333817137,1328.7134984479396
185.788359,0,4200.77784354606,1234.7759188833531
186.898071,0,4167.245392190674,1160.9678206540352
188.040069,0,4106.886979750977,1080.4498953129614
189.325321,0,4073.354528395591,1006.6417970836435
192.324247,0,4053.235057582359,932.8336988543257
195.563527,0,4053.235057582359,852.3157735132517
197.811829,0,4086.7675089377453,785.21750239569
199.674232,0,4133.712940835287,724.8290583898845
201.914141,0,4133.712940835287,644.3111330488105
203.337826,0,4133.712940835287,563.7932077077364
204.057824,0,4106.886979750977,449.72614680788166
205.532762,0,4100.180489479901,355.7885672432953
207.835117,0,4066.6480381245133,248.4313334551966
215.962106,0,4140.419431106364,235.01167923168427
216.763885,0,4241.016785172524,241.72150634344044
218.470294,0,4355.027119780839,241.72150634344044
221.144301,0,4395.266061407302,302.10995034924593
222.388406,0,4428.798512762689,382.62787569031997
224.267254,0,4428.798512762689,456.4359739196378
225.45552,0,4448.917983575921,543.663726372468
227.297355,0,4462.330964118075,630.8914788252982
229.061929,0,4482.450434931307,704.699577054616
242.940555,0,4475.74394466023,765.0880210604215
246.008006,0,4455.624473846999,832.1862921779832
249.065097,0,4536.102357099926,838.8961192897393
249.85046,0,4589.754279268544,771.7978481721776
250.931199,0,4616.580240352854,684.5700957193475
253.809683,0,4636.699711166086,590.6325161547611
254.81953,0,4703.76461387686,536.9538992607118
255.79896,0,4777.53600685871,516.8244179254433
256.832584,0,4871.426870653792,516.8244179254433
257.931627,0,4925.078792822411,503.404763701931
262.530322,0,4972.024224719952,449.72614680788166
265.083379,0,5039.089127430726,389.33770280207614
270.644437,0,5119.567010683654,369.20822146680763
271.497326,0,5206.751384207659,369.20822146680763
273.140319,0,5300.642248002741,349.0787401315391
276.522756,0,5374.413640984592,335.6590859080268
279.003479,0,5428.065563153211,335.6590859080268
279.918539,0,5501.836956135061,335.6590859080268
280.841259,0,5548.782388032602,335.6590859080268
282.045515,0,5622.553781014452,335.6590859080268
283.328716,0,5689.618683725226,335.6590859080268
287.897761,0,5756.683586436,342.36891301978295
310.540574,0,5823.748489146773,355.7885672432953
312.955141,0,5877.4004113153915,355.7885672432953
318.18546,0,5951.171804297242,389.33770280207614
322.795542,0,6018.236707008015,436.30649258436927
324.934143,0,6051.769158363401,489.9851094784186
325.998513,0,6065.182138905557,570.5030348194927
327.45474,0,6065.182138905557,630.8914788252982
328.860869,0,6071.888629176634,664.4406143840789
330.666381,0,6011.530216736938,677.8602686075914
332.350391,0,5944.465314026164,677.8602686075914
334.524906,0,5884.106901586469,677.8602686075914
336.982283,0,5803.629018333541,677.8602686075914
339.055492,0,5716.444644809535,671.1504414958351
340.906321,0,5635.966761556608,657.7307872723228
342.75182,0,5555.4888783036795,657.7307872723228
346.1342,0,5521.9564269482935,691.2799228311036
349.366116,0,5528.66291721937,758.3781939486653
351.273938,0,5535.369407490448,812.0568108427146
352.903161,0,5542.075897761525,899.2845632955448
357.373987,0,5528.66291721937,973.0926615248627
359.532754,0,5528.66291721937,1053.6105868659365
361.052924,0,5448.1850339664425,1100.5793766482298
362.845281,0,5367.707150713514,1107.2892037599859
365.310736,0,5307.3487382738185,1020.0614513071558
366.958793,0,5280.52277718951,932.8336988543257
368.584593,0,5253.6968161052,859.0256006250078
370.567833,0,5206.751384207659,812.0568108427146
373.101096,0,5139.686481496886,812.0568108427146
374.822397,0,5045.795617701803,812.0568108427146
376.215804,0,4958.611244177798,798.6371566192023
377.983016,0,4891.546341467024,825.476465066227
378.93366,0,4898.252831738102,899.2845632955448
379.869921,0,4884.839851195947,946.2533530778381
380.751342,0,4858.013890111638,1040.1909326424245
381.695712,0,4837.894419298405,1113.9990308717422
383.027566,0,4811.068458214097,1181.0973019893038
384.007262,0,4730.590574961168,1187.8071291010601
385.005462,0,4663.5256722503955,1261.6152273303778
386.239684,0,4603.167259810699,1275.0348815538903
388.723774,0,4536.102357099926,1301.8741900009147
390.523581,0,4529.395866828849,1382.392115341989
392.214301,0,4536.102357099926,1436.0707322360383
393.797172,0,4542.808847371003,1483.0395220183314
394.735808,0,4562.928318184236,1543.427966024137
396.615072,0,4562.928318184236,1597.1065829181864
397.561787,0,4502.56990574454,1597.1065829181864
398.53229,0,4422.092022491612,1590.39675580643
405.422813,0,4401.97255167838,1644.0753727004794
406.414081,0,4401.97255167838,1724.5932980415535
408.294248,0,4395.266061407302,1778.271914935603
414.397032,0,4442.211493304843,1831.9505318296522
415.376305,0,4522.6893765577715,1838.660358941408
416.862339,0,4596.460769539623,1838.660358941408
422.593905,0,4683.645143063627,1825.240704717896
425.12088,0,4764.123026316555,1838.660358941408
428.901318,0,4858.013890111638,1852.0800131649205
431.556516,0,4938.491773364565,1852.0800131649205
433.824357,0,4998.850185804262,1858.7898402766768
434.868907,0,5025.676146888572,1899.0488029472137
435.670471,0,5065.915088515035,1966.1470740647756
436.630094,0,5099.447539870421,2019.8256909588247
437.504566,0,5153.09946203904,2073.5043078528743
439.061614,0,5166.5124425811955,2147.312406082192
442.218207,0,5233.577345291968,2140.602578970436
444.52152,0,5314.055228544896,2100.3436162998987
446.583549,0,5414.652582611056,2060.084653629362
450.326061,0,5481.7174853218285,2039.955172294093
456.912359,0,5555.4888783036795,2046.6649994058496
459.69631,0,5635.966761556608,2046.6649994058496
491.569777,0,5696.325173996303,2053.3748265176055
492.586561,0,5763.390076707076,2019.8256909588247
493.476254,0,5823.748489146773,2019.8256909588247
501.065673,0,5884.106901586469,1992.9863825118
502.241631,0,5931.05233348401,1992.9863825118
509.702498,0,5984.7042556526285,2013.1158638470688
519.934884,0,5937.758823755087,2046.6649994058496
522.110494,0,5937.758823755087,2086.9239620763865
532.776389,0,5957.878294568319,2147.312406082192
534.691182,0,5977.997765381551,2200.9910229762413
536.444755,0,6011.530216736938,2247.9598127585346
537.544129,0,6078.595119447711,2268.089294093803
538.389031,0,6138.953531887408,2274.7991212055595
539.270272,0,6192.605454056025,2247.9598127585346
540.116858,0,6219.431415140335,2154.022233193948
541.034447,0,6239.550885953567,2073.5043078528743
542.024913,0,6246.257376224644,1992.9863825118
543.561634,0,6252.963866495722,1912.468457170726
544.544224,0,6252.963866495722,1791.691569159115
547.17228,0,6172.485983242794,1764.8522607120906
549.304409,0,6078.595119447711,1784.981742047359
551.483949,0,6112.127570803098,1691.0441624827727
552.489609,0,6112.127570803098,1610.5262371416984
554.269931,0,6125.540551345252,1509.878830465356
558.8514,0,6038.356177821247,1469.6198677948191
562.010553,0,5964.584784839397,1536.7181389123807
563.700978,0,5951.171804297242,1456.2002135713067
564.42111,0,5931.05233348401,1375.6822882302326
565.55533,0,5884.106901586469,1295.1643628891588
566.463988,0,5796.922528062463,1275.0348815538903
567.362082,0,5723.151135080613,1221.356264659841
568.44174,0,5696.325173996303,1140.8383393187669
569.794887,0,5649.379742098762,1067.030241089449
570.6204,0,5615.847290743376,973.0926615248627
571.413525,0,5595.727819930144,879.1550819602763
572.509716,0,5555.4888783036795,785.21750239569
573.158998,0,5528.66291721937,671.1504414958351
574.455017,0,5495.130465863984,597.3423432665173
576.037759,0,5454.89152423752,503.404763701931
577.53177,0,5495.130465863984,436.30649258436927
580.113509,0,5575.608349116911,416.1770112491008
581.708025,0,5635.966761556608,416.1770112491008
583.149945,0,5736.5641156227675,409.46718413734465
644.297963,0,5837.161469688927,409.46718413734465
645.125942,0,5917.639352941856,409.46718413734465
646.287298,0,5991.410745923706,443.0163196961255
647.123267,0,6011.530216736938,496.6949365901748
648.040398,0,6018.236707008015,530.2440721489556
648.808791,0,6038.356177821247,610.7619974900297
650.417607,0,6038.356177821247,691.2799228311036
651.77538,0,6051.769158363401,751.6683668369092
652.65789,0,6078.595119447711,818.7666379544709
654.456376,0,6098.714590260943,865.735427736764
657.11177,0,6118.834061074174,946.2533530778381
658.279956,0,6132.24704161633,1026.771278418912
660.820849,0,6159.073002700639,1127.4186850952544
662.205807,0,6159.073002700639,1214.6464375480846
663.582586,0,6165.779492971716,1295.1643628891588
665.126611,0,6152.366512429561,1429.360905124282
665.99266,0,6152.366512429561,1523.2984846888685
666.883472,0,6152.366512429561,1623.9458913652109
667.781997,0,6118.834061074174,1724.5932980415535
680.300724,0,6172.485983242794,1791.691569159115
681.109547,0,6185.898963784949,1858.7898402766768
681.829011,0,6232.844395682489,1946.0175927295068
682.855017,0,6259.670356766798,2066.7944807411177
683.702245,0,6313.322278935418,2147.312406082192
684.503768,0,6413.9196330015775,2154.022233193948
687.977179,0,6527.929967609892,2154.022233193948
688.875929,0,6548.049438423123,2100.3436162998987
689.660811,0,6548.049438423123,2019.8256909588247
690.539698,0,6561.462418965279,1946.0175927295068
691.359992,0,6574.875399507433,1838.660358941408
692.950541,0,6588.288380049588,1778.271914935603
696.344604,0,6615.114341133897,1717.8834709297973
697.234762,0,6608.40785086282,1637.3655455887233
698.170901,0,6608.40785086282,1576.9771015829178
699.099514,0,6635.23381194713,1483.0395220183314
701.551114,1,6273.083337308954,1288.4545357774025
703.266127,1,6279.789827580031,1214.6464375480846
705.127642,1,6286.496317851108,1134.1285122070108
706.879414,1,6279.789827580031,1046.9007597541806
708.449625,1,6266.376847037876,973.0926615248627
709.591391,1,6266.376847037876,899.2845632955448
711.032728,1,6299.909298393263,825.476465066227
712.719441,1,6333.441749748649,744.958539725153
717.01904,1,6333.441749748649,644.3111330488105
719.431877,1,6306.61578866434,570.5030348194927
723.048622,1,6293.202808122185,516.8244179254433
723.991149,1,6226.137905411412,510.11459081368713
725.287717,1,6172.485983242794,510.11459081368713
728.97053,1,6092.0080999898655,503.404763701931
734.495151,1,6018.236707008015,496.6949365901748
741.743948,1,5944.465314026164,510.11459081368713
743.472745,1,5931.05233348401,543.663726372468
744.773874,1,5924.345843212933,617.4718246017858
746.808227,1,5917.639352941856,684.5700957193475
755.737956,1,5897.519882128623,731.5388855016407
761.808627,1,5951.171804297242,731.5388855016407
767.287817,1,5957.878294568319,771.7978481721776
768.000633,1,5964.584784839397,838.8961192897393
768.772272,1,5964.584784839397,892.5747361837888
769.44939,1,5917.639352941856,966.3828344131065
770.960437,1,5850.574450231083,973.0926615248627
771.975758,1,5770.096566978154,973.0926615248627
773.0565,1,5682.912193454149,973.0926615248627
776.264542,1,5602.434310201221,986.512315748375
782.208131,1,5515.249936677215,946.2533530778381
785.017024,1,5434.772053424287,986.512315748375
791.539366,1,5340.881189629205,986.512315748375
792.649195,1,5280.52277718951,939.5435259660819
793.744858,1,5200.0448939365815,926.1238717425696
794.592596,1,5126.2735009547305,926.1238717425696
795.417065,1,5086.034559328267,999.9319699718873
796.39258,1,5005.556676075339,999.9319699718873
797.675579,1,4884.839851195947,1013.3516241953996
800.26424,1,4804.361967943019,999.9319699718873
807.223399,1,4723.884084690091,979.8024886366188
808.096328,1,4636.699711166086,979.8024886366188
809.416551,1,4536.102357099926,979.8024886366188
812.009378,1,4475.74394466023,979.8024886366188
814.000829,1,4388.559571136225,973.0926615248627
822.79324,1,4301.375197612219,973.0926615248627
824.91141,1,4321.494668425452,872.4452548485202
826.536991,1,4328.201158696529,791.9273295074462
829.009944,1,4368.440100322993,724.8290583898845
832.288566,1,4375.14659059407,644.3111330488105
833.361739,1,4375.14659059407,563.7932077077364
839.448076,1,4401.97255167838,489.9851094784186
842.168253,1,4455.624473846999,436.30649258436927
844.528203,1,4509.276396015616,382.62787569031997
857.57299,1,4455.624473846999,342.36891301978295
861.512537,1,4401.97255167838,362.49839435505146
863.464548,1,4321.494668425452,355.7885672432953
865.088455,1,4241.016785172524,355.7885672432953
870.681114,1,4160.538901919595,342.36891301978295
884.864946,1,4053.235057582359,342.36891301978295
886.409326,1,3939.2247229740437,342.36891301978295
887.521337,1,3838.6273689078844,342.36891301978295
891.817106,1,3791.681937010343,342.36891301978295
895.45695,1,3731.323524570647,342.36891301978295
914.034003,1,3711.204053757415,409.46718413734465
915.946765,1,3724.6170342995692,449.72614680788166
918.872544,1,3704.4975634863376,375.9180485785638
937.84527,1,3717.9105440284925,436.30649258436927
938.741269,1,3731.323524570647,496.6949365901748
941.635954,1,3744.736505112802,543.663726372468
942.621165,1,3791.681937010343,543.663726372468
943.253513,1,3858.7468397211164,550.3735534842242
944.293299,1,3925.8117424318893,550.3735534842242
953.078108,1,3872.159820263271,543.663726372468
975.93478,1,3919.105252160812,536.9538992607118
981.657051,1,3838.6273689078844,536.9538992607118
985.750053,1,3784.975446739266,536.9538992607118
988.208966,1,3731.323524570647,550.3735534842242
996.167628,1,3704.4975634863376,489.9851094784186
999.775555,1,3691.0845829441832,422.886838360857
1010.942724,1,3704.4975634863376,489.9851094784186
1011.503496,1,3758.149485654956,510.11459081368713
1012.446858,1,3838.6273689078844,510.11459081368713
1013.609079,1,3939.2247229740437,516.8244179254433
1014.766934,1,3992.8766451426627,536.9538992607118
1016.183372,1,4053.235057582359,536.9538992607118
1017.01572,1,4120.299960293132,550.3735534842242
1018.094526,1,4187.364863003905,563.7932077077364
1018.694107,1,4227.603804630369,610.7619974900297
1019.455191,1,4220.897314359292,664.4406143840789
1020.255101,1,4214.190824088215,731.5388855016407
1021.382498,1,4180.658372732828,805.3469837309585
1023.118534,1,4147.125921377442,865.735427736764
1024.350756,1,4100.180489479901,912.7042175190571
1026.703121,1,4012.9961159558943,926.1238717425696
1031.430188,1,3925.8117424318893,932.8336988543257
1032.639186,1,3852.040349450039,946.2533530778381
1037.794483,1,3778.268956468188,946.2533530778381
1040.32668,1,3704.4975634863376,959.6730073013503
1045.594316,1,3630.726170504487,959.6730073013503
1047.278733,1,3570.3677580647914,966.3828344131065
1048.566476,1,3503.302855354018,973.0926615248627
1049.503412,1,3429.5314623721674,966.3828344131065
1051.167693,1,3362.4665596613945,966.3828344131065
1059.70312,1,3308.8146374927755,979.8024886366188
1060.546137,1,3235.043244510925,966.3828344131065
1062.607653,1,3167.9783418001516,959.6730073013503
1065.455179,1,3087.500458547224,932.8336988543257
1067.238291,1,3047.2615169207597,872.4452548485202
1068.031423,1,3013.7290655653733,798.6371566192023
1068.719827,1,3007.022575294296,718.1192312781283
1070.070673,1,3000.3160850232184,651.0209601605667
1071.166995,1,2993.609594752141,570.5030348194927
1072.991132,1,2993.609594752141,530.2440721489556
1088.37855,1,2980.196614209987,583.922689043005
1090.169606,1,2980.196614209987,644.3111330488105
1090.724478,1,2980.196614209987,718.1192312781283
1091.497152,1,2973.490123938909,778.5076752839338
1092.21729,1,2953.370653125677,845.6059464014955
1092.977572,1,2933.2511823124455,892.5747361837888
1094.376987,1,2886.305750414904,932.8336988543257
1095.354025,1,2852.7732990595177,973.0926615248627
1096.177808,1,2859.479789330595,1053.6105868659365
1097.074356,1,2852.7732990595177,1147.5481664305232
1098.025319,1,2846.06680878844,1214.6464375480846
1098.723352,1,2859.479789330595,1281.7447086656464
1099.345761,1,2859.479789330595,1355.552806894964
1099.941306,1,2852.7732990595177,1429.360905124282
1100.634453,1,2872.8927698727493,1483.0395220183314
1102.033407,1,2946.6641628546,1503.1690033535997
1103.329883,1,3053.9680071918374,1509.878830465356
1104.361708,1,3174.684832071229,1509.878830465356
1105.474017,1,3268.5756958663114,1503.1690033535997
1106.378515,1,3375.8795402035485,1509.878830465356
1107.322525,1,3456.3574234564767,1516.5886575771121
1108.112241,1,3570.3677580647914,1509.878830465356
1108.954501,1,3657.5521315887963,1509.878830465356
1109.754693,1,3758.149485654956,1509.878830465356
1110.449724,1,3852.040349450039,1509.878830465356
1111.308162,1,3945.9312132451214,1509.878830465356
1112.266475,1,4046.5285673112817,1509.878830465356
1113.081285,1,4147.125921377442,1509.878830465356
1114.025835,1,4227.603804630369,1509.878830465356
1114.897372,1,4287.962217070065,1509.878830465356
1115.692391,1,4375.14659059407,1509.878830465356
1116.633954,1,4455.624473846999,1509.878830465356
1118.441946,1,4515.982886286694,1509.878830465356
1119.225734,1,4589.754279268544,1509.878830465356
1120.442356,1,4663.5256722503955,1509.878830465356
1121.381178,1,4750.710045774401,1509.878830465356
1122.403401,1,4837.894419298405,1509.878830465356
1123.49311,1,4891.546341467024,1503.1690033535997
1124.241987,1,4985.4372052621065,1496.4591762418438
1125.162211,1,5052.50210797288,1503.1690033535997
1125.784579,1,5119.567010683654,1503.1690033535997
1126.80962,1,5193.338403665503,1503.1690033535997
1127.818567,1,5253.6968161052,1503.1690033535997
1128.827096,1,5307.3487382738185,1496.4591762418438
1129.649592,1,5387.826621526747,1496.4591762418438
1130.626481,1,5434.772053424287,1536.7181389123807
1131.593768,1,5434.772053424287,1610.5262371416984
1133.698453,1,5428.065563153211,1670.914681147504
1134.648477,1,5428.065563153211,1751.4326064885781
1135.530277,1,5434.772053424287,1825.240704717896
1136.337824,1,5428.065563153211,1885.6291487237013
1137.250545,1,5428.065563153211,1979.566728288288
1138.050161,1,5421.359072882134,2060.084653629362
1138.722616,1,5414.652582611056,2133.8927518586797
1139.597436,1,5414.652582611056,2214.4106771997535
1140.5048,1,5414.652582611056,2274.7991212055595
1141.239207,1,5394.533111797824,2335.187565211365
1142.07625,1,5367.707150713514,2395.57600921717
1143.337878,1,5367.707150713514,2449.2546261112197
1144.330525,1,5361.000660442437,2523.0627243405374
1145.201608,1,5354.29417017136,2576.741341234587
1146.786158,1,5354.29417017136,2643.8396123521484
1153.618151,1,5287.229267460586,2670.678920799173
1155.395237,1,5233.577345291968,2704.228056357954
1158.753877,1,5287.229267460586,2670.678920799173
1159.955234,1,5340.881189629205,2617.000303905124
1162.937687,1,5327.468209087051,2556.611859899318
1164.744213,1,5340.881189629205,2469.384107446488
1169.746423,1,5340.881189629205,2395.57600921717
1171.370045,1,5287.229267460586,2375.4465278819016
1172.20149,1,5213.457874478736,2348.6072194348767
1173.379678,1,5112.860520412576,2335.187565211365
1174.218873,1,5025.676146888572,2328.4777380996084
1175.441991,1,4931.785283093488,2328.4777380996084
1176.969824,1,4858.013890111638,2321.7679109878522
1188.83391,1,4938.491773364565,2308.34825676434
1198.41749,1,4844.600909569483,2315.058083876096
1199.369915,1,4750.710045774401,2321.7679109878522
1200.434075,1,4676.93865279255,2321.7679109878522
1201.601562,1,4596.460769539623,2315.058083876096
1203.249356,1,4515.982886286694,2335.187565211365
1204.947268,1,4455.624473846999,2375.4465278819016
1205.948154,1,4428.798512762689,2449.2546261112197
1207.490831,1,4415.3855322205345,2529.7725514522936
1210.184557,1,4435.505003033766,2576.741341234587
1215.163707,1,4475.74394466023,2617.000303905124
1216.617706,1,4509.276396015616,2637.1297852403923
1222.39343,1,4448.917983575921,2596.870822569855
1229.932021,1,4381.853080865148,2610.2904767933674
1231.705162,1,4321.494668425452,2630.419958128636
1232.833362,1,4261.136255985756,2637.1297852403923
1234.601698,1,4180.658372732828,2657.2592665756606
1236.634588,1,4167.245392190674,2697.5182292461977
1244.522005,1,4261.136255985756,2657.2592665756606
1246.538261,1,4314.788178154375,2650.5494394639045
1256.98666,1,4241.016785172524,2596.870822569855
1258.241656,1,4147.125921377442,2570.0315141228307
1260.458559,1,4113.593470022055,2482.8037616700003
1262.587185,1,4080.0610186666677,2402.2858363289265
1264.610951,1,4026.4090964980496,2341.897392323121
1266.13266,1,3952.637703516199,2335.187565211365
1270.674833,1,3892.2792910765024,2335.187565211365
1272.674491,1,3805.0949175524975,2328.4777380996084
1273.827061,1,3738.0300148417246,2328.4777380996084
1275.361761,1,3637.4326607755643,2321.7679109878522
1276.770123,1,3550.2482872515593,2315.058083876096
1278.457903,1,3489.889874811863,2301.6384296525835
1280.117057,1,3449.6509331853995,2382.156354993658
1282.818171,1,3436.237952643245,2315.058083876096
1284.490768,1,3422.8249721010898,2234.5401585350223
1286.289726,1,3382.586030474626,2154.022233193948
1287.64303,1,3382.586030474626,2073.5043078528743
1288.810945,1,3382.586030474626,1992.9863825118
1292.24379,1,3362.4665596613945,1919.1782842824823
1295.921348,1,3416.1184818300126,1858.7898402766768
1298.302028,1,3503.302855354018,1831.9505318296522
1299.642901,1,3583.7807386069458,1838.660358941408
1300.658457,1,3644.139151046642,1838.660358941408
1303.003011,1,3664.258621859874,1878.9193216119452
1304.145534,1,3677.671602402028,1939.3077656177509
1305.863636,1,3677.671602402028,1986.276555400044
1306.650947,1,3677.671602402028,2026.535518070581
1308.820234,1,3664.258621859874,2093.6337891881426
1311.21955,1,3724.6170342995692,2086.9239620763865
1313.202232,1,3791.681937010343,2073.5043078528743
1318.546929,1,3865.453329992194,2066.7944807411177
1321.826432,1,3945.9312132451214,2066.7944807411177
1323.636895,1,4012.9961159558943,2073.5043078528743
1325.642485,1,4080.0610186666677,2080.2141349646304
1327.267343,1,4140.419431106364,2080.2141349646304
1328.130429,1,4214.190824088215,2073.5043078528743
1329.194769,1,4274.549236527911,2073.5043078528743
1330.425981,1,4334.907648967606,2073.5043078528743
1331.994727,1,4401.97255167838,2060.084653629362
1335.051107,1,4475.74394466023,2066.7944807411177
1340.706615,1,4482.450434931307,1986.276555400044
1342.482106,1,4482.450434931307,1905.75863005897
1344.714872,1,4489.156925202385,1845.3701860531644
1346.490808,1,4562.928318184236,1838.660358941408
1351.697843,1,4636.699711166086,1831.9505318296522
1352.611103,1,4703.76461387686,1825.240704717896
1354.298057,1,4784.242497129788,1831.9505318296522
1367.010794,1,4804.361967943019,1912.468457170726
1368.243204,1,4817.774948485174,1952.727419841263
1369.250364,1,4837.894419298405,1999.6962096235563
1372.79491,1,4851.307399840561,2046.6649994058496
1376.988542,1,4804.361967943019,2046.6649994058496
1378.994831,1,4744.003555503323,2039.955172294093
1385.714899,1,4770.8295165876325,2073.5043078528743
1412.922784,1,4831.187929027329,2060.084653629362
1416.332688,1,4898.252831738102,2053.3748265176055
1418.724233,1,4958.611244177798,2019.8256909588247
1420.42857,1,5012.263166346416,1999.6962096235563
1423.429495,1,4925.078792822411,1979.566728288288
1424.123815,1,4851.307399840561,1966.1470740647756
1424.660345,1,4777.53600685871,1946.0175927295068
1425.459651,1,4710.471104147937,1905.75863005897
1426.059603,1,4650.11269170824,1872.2094945001893
1427.382326,1,4589.754279268544,1858.7898402766768
1431.116036,1,4515.982886286694,1858.7898402766768
1433.227665,1,4448.917983575921,1852.0800131649205
1435.627979,1,4348.320629509761,1858.7898402766768
1438.116094,1,4267.842746256833,1838.660358941408
1440.444612,1,4194.071353274982,1852.0800131649205
1445.843559,1,4086.7675089377453,1845.3701860531644
1451.203236,1,3999.5831354137404,1838.660358941408
1455.90114,1,3912.3987618897354,1858.7898402766768
1456.652233,1,3811.801407823575,1838.660358941408
1457.517622,1,3724.6170342995692,1831.9505318296522
1458.548418,1,3657.5521315887963,1831.9505318296522
1459.451693,1,3583.7807386069458,1838.660358941408
1460.378358,1,3503.302855354018,1831.9505318296522
1461.828456,1,3449.6509331853995,1825.240704717896
1463.502789,1,3369.1730499324717,1831.9505318296522
1466.747649,1,3322.2276180349304,1905.75863005897
1467.386285,1,3302.1081472216983,1972.8569011765317
1468.068781,1,3275.282186137389,2053.3748265176055
1468.907342,1,3275.282186137389,2120.4730976351675
1469.436595,1,3268.5756958663114,2227.830331423266
1470.138929,1,3255.162715324157,2355.3170465466333
1470.827881,1,3255.162715324157,2429.125144775951
1471.940258,1,3322.2276180349304,2469.384107446488
1472.947265,1,3382.586030474626,2482.8037616700003
1473.722397,1,3456.3574234564767,2529.7725514522936
1474.652687,1,3456.3574234564767,2590.160995458099
1476.118103,1,3469.770403998631,2663.9690936874167
1487.113723,1,3382.586030474626,2677.3887479109294
1488.865448,1,3302.1081472216983,2670.678920799173
1491.058188,1,3208.2172834266157,2677.3887479109294
1495.792363,1,3107.619929360456,2650.5494394639045
1498.321361,1,3100.9134390893787,2570.0315141228307
1501.913574,1,3094.206948818301,2476.093934558244
1503.232665,1,3074.087478005069,2388.866182105414
1504.908712,1,3020.4355558364505,2341.897392323121
1506.459499,1,2939.9576725835227,2321.7679109878522
1508.793459,1,2859.479789330595,2321.7679109878522
1511.592897,1,2772.2954158065895,2321.7679109878522
1513.817534,1,2732.056474180126,2308.34825676434
1534.763333,1,2644.8721006561204,2315.058083876096
1536.074805,1,2577.807197945347,2294.928602540828
1581.203774,1,2517.4487855056514,2274.7991212055595
1582.089675,1,2450.383882794878,2234.5401585350223
1583.137788,1,2443.6773925238003,2147.312406082192
1585.953718,1,2477.2098438791872,2080.2141349646304
1586.841891,1,2577.807197945347,2073.5043078528743
1589.407977,1,2644.8721006561204,2066.7944807411177
1591.940018,1,2698.524022824739,2019.8256909588247
1593.571277,1,2765.5889255355123,1966.1470740647756
1595.122424,1,2839.360318517363,1919.1782842824823
1596.536843,1,2913.131711499213,1878.9193216119452
1598.858486,1,2926.544692041368,1831.9505318296522
1619.866723,1,2919.8382017702907,1899.0488029472137
1621.131429,1,2852.7732990595177,1925.8881113942384
1622.29177,1,2738.7629644512026,1932.5979385059943
1623.611119,1,2658.285081198275,1912.468457170726
1625.443643,1,2577.807197945347,1899.0488029472137
1626.946976,1,2517.4487855056514,1899.0488029472137
1628.357144,1,2497.3293146924193,1972.8569011765317
1629.388153,1,2477.2098438791872,2046.6649994058496
1630.33159,1,2470.50335360811,2100.3436162998987
1631.316122,1,2443.6773925238003,2180.861541640973
1632.403871,1,2410.144941168414,2241.249985646778
1633.458286,1,2336.3735481865633,2281.508948317315
1635.163113,1,2262.6021552047127,2288.2187754290712
1636.588519,1,2175.417781680708,2288.2187754290712
1638.188413,1,2081.526917885625,2261.379466982047
1639.644179,1,2068.1139373434703,2187.571368752729
1641.742269,1,2054.7009568013154,2107.053443411655
1647.779158,1,2068.1139373434703,2046.6649994058496
1651.49992,1,2068.1139373434703,1959.4372469530192
1652.851322,1,2088.2334081567024,1878.9193216119452
1654.16412,1,2094.9398984277796,1805.1112233826273
1655.531729,1,2101.6463886988568,1724.5932980415535
1657.171951,1,2108.352878969934,1644.0753727004794
1658.868093,1,2101.6463886988568,1576.9771015829178
1661.243434,1,2108.352878969934,1509.878830465356
1663.050794,1,2115.0593692410116,1436.0707322360383
1694.681857,1,2041.287976259161,1422.6510780125259
1697.919919,1,2014.4620151748516,1476.3296949065752
1703.872032,1,1933.9841319219238,1483.0395220183314
1705.144089,1,1846.7997583979188,1476.3296949065752
1706.286363,1,1766.3218751449906,1496.4591762418438
1709.398291,1,1665.7245210788308,1516.5886575771121
1712.881894,1,1612.0725989102123,1476.3296949065752
1714.400012,1,1571.8336572837482,1415.9412509007698
1719.70399,1,1504.768754572975,1402.5215966772573
1723.649732,1,1397.4649102357378,1402.5215966772573
1726.383182,1,1397.4649102357378,1462.9100406830628
1727.896696,1,1397.4649102357378,1536.7181389123807
1729.02408,1,1390.7584199646603,1583.686928694674
1730.471431,1,1404.1714005068152,1644.0753727004794
1731.887044,1,1404.1714005068152,1717.8834709297973
1733.466673,1,1417.5843810489698,1791.691569159115
1735.503605,1,1484.649283759743,1805.1112233826273
1737.287501,1,1484.649283759743,1865.499667388433
1738.407154,1,1477.9427934886655,1932.5979385059943
1739.800978,1,1477.9427934886655,1979.566728288288
1740.727178,1,1477.9427934886655,2086.9239620763865
1741.640249,1,1477.9427934886655,2180.861541640973
1742.695515,1,1477.9427934886655,2254.6696398702907
1744.791977,1,1498.0622643018976,2335.187565211365
1745.896291,1,1531.5947156572843,2395.57600921717
1747.254212,1,1585.2466378259028,2449.2546261112197
1748.775474,1,1585.2466378259028,2496.2234158935125
1750.432767,1,1612.0725989102123,2556.611859899318
1752.528472,1,1612.0725989102123,2617.000303905124
1754.919736,1,1511.4752448440524,2596.870822569855
1756.271621,1,1417.5843810489698,2583.451168346343
1757.943542,1,1363.932458880351,2543.192205675806
1759.735933,1,1337.1064977960418,2630.419958128636
1761.487115,1,1330.4000075249644,2710.93788346971
1762.647161,1,1330.4000075249644,2757.906673252003
1763.751925,1,1337.1064977960418,2831.7147714813213
1765.695602,1,1337.1064977960418,2898.813042598883
1766.927139,1,1350.5194783381964,2952.491659492932
1768.110887,1,1397.4649102357378,3019.589930610494
1769.343606,1,1451.1168324043563,3059.8488932810305
1770.655547,1,1531.5947156572843,3093.3980288398116
1772.679075,1,1612.0725989102123,3093.3980288398116
1774.439982,1,1685.8439918920626,3100.1078559515677
1777.031676,1,1746.2024043317588,3093.3980288398116
1781.728399,1,1793.1478362292999,3106.817683063324
1783.568894,1,1866.9192292111507,3120.237337286836
1785.015296,1,1940.6906221930012,3120.237337286836
1786.776011,1,2014.4620151748516,3126.9471643985926
1788.663318,1,2054.7009568013154,3120.237337286836
1806.301134,1,2101.6463886988568,3160.496299957373
1808.318854,1,2094.9398984277796,3220.8847439631786
1811.406257,1,2094.9398984277796,3281.2731879689845
1812.517725,1,2088.2334081567024,3361.7911133100583
1814.2709,1,2094.9398984277796,3415.4697302041072
1817.03098,1,2121.765859512089,3495.9876555451815
1818.621804,1,2121.765859512089,3556.376099550987
1820.125498,1,2121.765859512089,3630.184197780305
1822.030207,1,2115.0593692410116,3677.152987562598
1823.31044,1,2115.0593692410116,3757.670912903672
1825.454231,1,2121.765859512089,3818.059356909478
1832.557748,1,2135.1788400542437,3898.5772822505514
1834.349547,1,2101.6463886988568,3992.514861815138
1836.622365,1,2014.4620151748516,4005.9345160386506
1837.902705,1,1960.810093006233,4012.6443431504067
1838.94281,1,1880.3322097533053,4012.6443431504067
1841.662468,1,1813.2673070425317,4005.9345160386506
1843.303782,1,1726.0829335185267,3992.514861815138
1844.520108,1,1618.7790891812895,4005.9345160386506
1846.141458,1,1524.8882253862068,4005.9345160386506
1848.126401,1,1424.290871320047,3992.514861815138
1849.757674,1,1384.0519296935831,3905.2871093623075
1851.399253,1,1370.6389491514283,3824.7691840212337
1852.926212,1,1377.3454394225057,3730.8316044566477
1854.158519,1,1397.4649102357378,3643.6038520038173
1855.742799,1,1404.1714005068152,3556.376099550987
1858.271338,1,1424.290871320047,3469.1483470981566
1859.574932,1,1444.410342133279,3381.9205946453267
1860.742942,1,1451.1168324043563,3294.6928421924968
1862.613326,1,1444.410342133279,3220.8847439631786
1863.862666,1,1444.410342133279,3147.076645733861
1864.839754,1,1424.290871320047,3066.558720392787
1865.949785,1,1377.3454394225057,2986.040795051713
1867.039554,1,1330.4000075249644,2898.813042598883
1868.105034,1,1256.628614543114,2838.424598593077
1869.142626,1,1202.9766923744953,2845.134425704833
1870.061681,1,1129.2052993926447,2858.5540799283453
1871.199101,1,1062.1403966818716,2865.263907040102
1872.343126,1,1001.7819842421756,2892.103215487127
1875.750157,1,901.1846301760157,2851.8442528165897
1877.256331,1,887.771649633861,2771.3263274755154
1880.50293,1,780.4678052966237,2697.5182292461977
1881.806034,1,693.2834317726185,2690.808402134441
1883.110389,1,592.6860777064587,2690.808402134441
1884.200456,1,518.9146847246082,2690.808402134441
1885.686818,1,451.8497820138348,2684.0985750226855
1887.661186,1,357.9589182187523,2670.678920799173
1889.766463,1,243.9485836104377,2670.678920799173
1891.246635,1,163.4707003575098,2670.678920799173
1895.878941,1,237.24209333936042,2663.9690936874167
1897.440241,1,324.42646686336565,2677.3887479109294
1906.59773,1,404.90435011629353,2677.3887479109294
1908.666348,1,492.0887236402988,2684.0985750226855
1910.440804,1,579.273097164304,2690.808402134441
1912.4145,1,626.2185290618453,2731.0673648049783
1913.414922,1,646.3379998750773,2798.16563592254
1915.070278,1,673.1639609593866,2851.8442528165897
1916.286408,1,726.8158831280051,2905.5228697106386
1917.57472,1,740.2288636701599,2959.2014866046884
1918.798716,1,780.4678052966237,3012.8801034987373
1919.829287,1,827.413237194165,3086.6882017280554
1920.918655,1,834.1197274652424,3133.6569915103487
1922.110278,1,860.9456885495517,3173.915954180886
1923.246512,1,901.1846301760157,3194.045435516154
1940.582231,1,887.771649633861,3287.98301508074
1970.642837,1,820.7067469230877,3247.724052410203
1973.055645,1,733.5223733990824,3254.4338795219596
1974.928688,1,659.7509804172319,3261.1437066337157
1976.248562,1,592.6860777064587,3261.1437066337157
1978.377027,1,485.38223336922147,3261.1437066337157
1981.447976,1,425.0238209295255,3254.4338795219596
1983.552671,1,324.42646686336565,3234.3043981866913
1984.984582,1,257.3615641525924,3167.2061270691293
1987.279137,1,163.4707003575098,3167.2061270691293
2019.657613,1,210.4161322550511,3200.7552626279103
2020.968203,1,284.18752523690165,3207.4650897396664
2022.737823,1,351.25242794767496,3220.8847439631786
2024.545486,1,418.31733065844816,3234.3043981866913
2026.209511,1,505.5017041824534,3227.5945710749347
2027.73852,1,579.273097164304,3234.3043981866913
2029.209663,1,699.9899220436959,3234.3043981866913
2030.864893,1,773.7613150255465,3227.5945710749347
2032.729819,1,860.9456885495517,3187.335608404398
2033.99349,1,881.0651593627837,3126.9471643985926
2034.905256,1,894.4781399049383,3046.4292390575183
2036.017835,1,934.7170815314022,2965.911313716444
2037.177295,1,988.3690037000208,2905.5228697106386
2038.682434,1,1055.4339064107942,2878.683561263614
2040.248769,1,1129.2052993926447,2871.973734151858
2041.473851,1,1216.38967291665,2898.813042598883
2042.776208,1,1290.1610658985005,2945.7818323811757
2044.360186,1,1310.2805367117326,3019.589930610494
2045.408885,1,1343.812988067119,3066.558720392787
2046.881659,1,1370.6389491514283,3126.9471643985926
2047.895928,1,1390.7584199646603,3187.335608404398
2049.048847,1,1404.1714005068152,3281.2731879689845
2050.433417,1,1404.1714005068152,3355.0812861983018
2052.817499,1,1410.8778907778924,3408.7599030923516
2054.130048,1,1410.8778907778924,3495.9876555451815
2055.52973,1,1384.0519296935831,3556.376099550987
2056.681113,1,1384.0519296935831,3630.184197780305
2058.104601,1,1384.0519296935831,3710.702123121379
2059.801105,1,1384.0519296935831,3797.9298755742093
2061.001158,1,1384.0519296935831,3891.8674551387953
2062.112841,1,1390.7584199646603,3979.0952075916257
2064.377563,1,1410.8778907778924,4052.9033058209434
2065.556021,1,1477.9427934886655,4073.032787156212
2066.625745,1,1578.5401475548254,4079.742614267968
2068.169241,1,1652.3115405366761,4079.742614267968
2069.521911,1,1712.669952976372,4079.742614267968
2071.169124,1,1773.028365416068,4059.613132932699
2072.472744,1,1840.0932681268412,4079.742614267968
2074.209518,1,1927.2776416508466,4086.452441379724
2078.295966,1,2014.4620151748516,4086.452441379724
2079.160666,1,2101.6463886988568,4113.291749826749
2080.169474,1,2148.591820596398,4166.970366720799
2081.352954,1,2175.417781680708,4220.648983614848
2082.337784,1,2195.5372524939394,4294.457081844165
2083.345865,1,2202.243742765017,4368.265180073483
2084.369905,1,2202.243742765017,4428.653624079288
2086.584137,1,2208.9502330360942,4489.042068085094
2087.863005,1,2229.069703849326,4562.8501663144125
2090.222628,1,2309.547587102254,4562.8501663144125
2092.070903,1,2390.0254703551823,4582.97964764968
2095.063533,1,2470.50335360811,4582.97964764968
2095.968198,1,2524.155275776728,4650.077918767242
2097.201154,1,2557.687727132115,4676.917227214267
2098.462916,1,2591.220178487502,4730.595844108317
2138.74292,1,2604.6331590296563,4811.113769449391
2140.119107,1,2618.0461395718107,4864.792386343439
2141.047283,1,2544.2747465899606,4891.631694790464
2141.903125,1,2457.090373065955,4938.6004845727575
2143.06279,1,2383.3189800841046,4938.6004845727575
2143.85575,1,2282.721626017945,4945.310311684514
2144.616168,1,2229.069703849326,4978.859447243294
2145.335932,1,2195.5372524939394,5066.087199696125
2146.13568,1,2188.830762222862,5126.4756437019305
2147.83997,1,2229.069703849326,5193.573914819492
2150.05614,1,2302.841096831177,5213.70339615476
2151.520234,1,2363.1995092708726,5233.832877490028
2154.031591,1,2423.5579217105687,5247.252531713541
2155.376326,1,2517.4487855056514,5240.542704601786
2157.463888,1,2591.220178487502,5240.542704601786
2178.879507,1,2604.6331590296563,5314.350802831103
2179.991863,1,2604.6331590296563,5374.739246836908
2191.647783,1,2644.8721006561204,5394.868728172177
2200.104163,1,2664.991571469352,5455.257172177983
2200.855577,1,2658.285081198275,5508.935789072031
2201.944257,1,2685.1110422825845,5562.614405966081
2202.648088,1,2685.1110422825845,5616.293022860131
2203.519407,1,2685.1110422825845,5669.97163975418
2207.823547,1,2611.3396493007335,5656.5519855306675
2209.102985,1,2524.155275776728,5649.842158418912
2210.415969,1,2457.090373065955,5656.5519855306675
2212.033181,1,2369.9059995419498,5663.261812642423
2215.464485,1,2282.721626017945,5663.261812642423
2216.887086,1,2202.243742765017,5643.132331307155
2219.614522,1,2148.591820596398,5669.97163975418
2220.830902,1,2094.9398984277796,5616.293022860131
2222.039483,1,2047.9944665302385,5596.163541524862
2223.007555,1,1987.6360540905425,5582.74388730135
2224.616055,1,1907.1581708376143,5582.74388730135
2226.567764,1,1819.9737973136093,5589.453714413105
2228.719908,1,1739.4959140606816,5589.453714413105
2230.599973,1,1665.7245210788308,5596.163541524862
2232.391996,1,1612.0725989102123,5636.422504195399
2234.384398,1,1578.5401475548254,5649.842158418912
2237.879941,1,1524.8882253862068,5569.324233077837
2239.048227,1,1531.5947156572843,5488.806307736763
2240.078517,1,1585.2466378259028,5448.547345066226
2241.400334,1,1612.0725989102123,5401.578555283933
2242.488055,1,1692.55048216314,5388.15890106042
2243.767437,1,1773.028365416068,5368.029419725152
2245.127454,1,1840.0932681268412,5354.609765501639
2246.167679,1,1880.3322097533053,5354.609765501639
2278.376731,1,1786.4413459582227,5267.382013048809
2279.556091,1,1752.9088946028357,5180.154260595979
2281.633193,1,1679.1375016209854,5126.4756437019305
2283.984814,1,1679.1375016209854,5052.667545472613
2287.809056,1,1585.2466378259028,5052.667545472613
2289.888159,1,1511.4752448440524,5052.667545472613
2291.944059,1,1430.9973615911242,5032.538064137344
2294.585499,1,1343.812988067119,5039.2478912491
2331.576397,1,1330.4000075249644,4952.02013879627
2332.545581,1,1363.932458880351,4864.792386343439
2333.99946,1,1370.6389491514283,4750.7253254435855
2336.878517,1,1337.1064977960418,4656.787745878999
2339.543527,1,1276.7480853563459,4616.528783208461
2341.446485,1,1182.8572215612633,4603.109128984949
2343.38212,1,1102.3793383083355,4609.818956096705
2348.382561,1,1048.7274161397168,4676.917227214267
2352.670535,1,1068.8468869529486,4757.435152555341
2354.430321,1,1095.672848037258,4797.694115225878
2356.198434,1,1102.3793383083355,4871.502213455196
2360.310565,1,1082.2598674951034,4958.729965908026
2362.174533,1,1068.8468869529486,5032.538064137344
2363.822045,1,1062.1403966818716,5106.346162366662
2365.087175,1,1042.0209258686396,5200.283741931248
2366.166294,1,1021.9014550554074,5287.511494384078
2366.790844,1,1015.1949647843303,5347.899938389884
2367.381928,1,995.0754939710982,5414.998209507446
2368.038686,1,941.4235718024796,5475.386653513251
2368.838413,1,901.1846301760157,5555.904578854325
2369.574329,1,834.1197274652424,5589.453714413105
2370.877339,1,753.6418442123145,5589.453714413105
2372.59854,1,679.8704512304639,5589.453714413105
2374.839085,1,592.6860777064587,5535.7750975190565
2376.302379,1,539.0341555378401,5468.6768264014945
2379.590796,1,539.0341555378401,5394.868728172177
2382.134557,1,552.4471360799947,5307.640975719347
2385.19097,1,512.2081944535307,5253.962358825297
2388.0148,1,498.79521391137604,5186.864087707736
2411.442477,1,438.43680147168016,5186.864087707736
2415.379829,1,485.38223336922147,5213.70339615476
2418.130367,1,398.1978598452162,5206.993569043005
2419.430038,1,324.42646686336565,5206.993569043005
2420.442892,1,223.82911279720577,5193.573914819492
2421.364367,1,150.05771981535517,5227.123050378273
2423.417755,1,123.23175873104584,5294.221321495834
2441.915162,1,103.11228791781387,5374.739246836908
2444.658492,1,96.40579764673654,5401.578555283933
2480.306048,1,156.76421008643248,5441.83751795447
2481.108374,1,230.53560306828305,5508.935789072031
2482.297918,1,264.0680544236697,5569.324233077837
2482.977258,1,297.60050577905633,5602.873368636618
2483.938977,1,337.8394474055203,5643.132331307155
2484.673677,1,384.7848793030616,5669.97163975418
2506.017924,1,458.55627228491215,5669.97163975418
2507.409506,1,512.2081944535307,5656.5519855306675
2508.691781,1,565.8601166221493,5669.97163975418
2509.801856,1,619.512038790768,5669.97163975418
2512.146004,1,653.0444901461545,5690.1011210894485
2546.348897,1,646.3379998750773,5596.163541524862
2547.721651,1,646.3379998750773,5535.7750975190565
2549.073973,1,646.3379998750773,5435.127690842714
2550.578416,1,646.3379998750773,5374.739246836908
2551.673624,1,646.3379998750773,5294.221321495834
2552.721414,1,646.3379998750773,5206.993569043005
2553.815681,1,632.9250193329226,5133.185470813686
2555.395007,1,632.9250193329226,5059.3773725843685
2572.953028,1,565.8601166221493,5052.667545472613
2574.841084,1,498.79521391137604,5052.667545472613
2579.136219,1,431.73031120060284,5052.667545472613
2580.449601,1,357.9589182187523,5039.2478912491
2581.37704,1,284.18752523690165,5039.2478912491
2584.772223,2,96.40579764673654,4985.569274355051
2586.555739,2,56.1668560202726,4938.6004845727575
2587.830156,2,56.1668560202726,4864.792386343439
2588.646425,2,56.1668560202726,4770.854806778853
2589.371626,2,49.460365749195276,4676.917227214267
2590.146968,2,29.3408949359633,4562.8501663144125
2591.139591,2,56.1668560202726,4462.202759638069
2592.38704,2,156.76421008643248,4462.202759638069
2593.722569,2,217.1226225261284,4462.202759638069
2594.451597,2,297.60050577905633,4468.912586749826
2595.155673,2,364.6654084898296,4462.202759638069
2596.531874,2,438.43680147168016,4455.492932526313
2597.99767,2,505.5017041824534,4455.492932526313
2599.067562,2,565.8601166221493,4462.202759638069
2600.050945,2,646.3379998750773,4462.202759638069
2601.851786,2,673.1639609593866,4515.881376532119
2602.814554,2,686.5769415015412,4609.818956096705
2603.683766,2,686.5769415015412,4676.917227214267
2604.428145,2,686.5769415015412,4744.015498331829
2605.171325,2,679.8704512304639,4804.403942337634
2605.955767,2,679.8704512304639,4891.631694790464
2609.57163,2,686.5769415015412,4945.310311684514
2611.954684,2,653.0444901461545,4998.988928578563
2615.106624,2,632.9250193329226,5059.3773725843685
2620.860038,2,639.6315096039999,5133.185470813686
2623.803245,2,639.6315096039999,5220.413223266517
2624.949366,2,639.6315096039999,5294.221321495834
2625.938739,2,579.273097164304,5274.091840160566
2632.740253,2,512.2081944535307,5274.091840160566
2634.730316,2,431.73031120060284,5247.252531713541
2636.123872,2,351.25242794767496,5247.252531713541
2637.380094,2,243.9485836104377,5233.832877490028
2639.45112,2,217.1226225261284,5240.542704601786
2660.321607,2,270.774544694747,5227.123050378273
2660.953794,2,378.0783890319843,5227.123050378273
2662.880736,2,458.55627228491215,5267.382013048809
2663.999455,2,579.273097164304,5267.382013048809
2665.770534,2,646.3379998750773,5253.962358825297
2669.912873,2,646.3379998750773,5300.931148607591
2671.064562,2,646.3379998750773,5374.739246836908
2672.472116,2,572.5666068932268,5401.578555283933
2673.554397,2,471.96925282706684,5401.578555283933
2674.85616,2,431.73031120060284,5441.83751795447
2675.744335,2,411.61084038737084,5522.355443295544
2677.032765,2,398.1978598452162,5582.74388730135
2677.848255,2,344.5459376765976,5602.873368636618
2678.738391,2,270.774544694747,5629.712677083643
2680.016106,2,190.2966614418191,5629.712677083643
2682.105821,2,136.6447392732005,5656.5519855306675
2687.400436,2,217.1226225261284,5669.97163975418
2688.416575,2,311.01348632121096,5669.97163975418
2689.55492,2,364.6654084898296,5663.261812642423
2690.712597,2,451.8497820138348,5649.842158418912
2691.489688,2,512.2081944535307,5636.422504195399
2692.744235,2,572.5666068932268,5636.422504195399
2693.464155,2,632.9250193329226,5616.293022860131
2694.689337,2,699.9899220436959,5609.583195748374
2695.760932,2,760.3483344833918,5602.873368636618
2697.139406,2,854.2391982784743,5602.873368636618
2698.648261,2,907.891120447093,5669.97163975418
2701.080762,2,988.3690037000208,5656.5519855306675
2702.648482,2,1028.6079453264847,5576.034060189593
2704.122845,2,1048.7274161397168,5482.096480625007
2709.323182,2,1048.7274161397168,5401.578555283933
2711.707626,2,1088.9663577661806,5341.190111278128
2714.696536,2,1156.031260476954,5300.931148607591
2716.152624,2,1249.9221242720366,5274.091840160566
2717.952891,2,1337.1064977960418,5260.672185937054
2723.407485,2,1424.290871320047,5247.252531713541
2730.536276,2,1511.4752448440524,5247.252531713541
2732.024369,2,1612.0725989102123,5247.252531713541
2733.416524,2,1679.1375016209854,5247.252531713541
2734.647572,2,1732.789423789604,5280.801667272322
2735.904272,2,1786.4413459582227,5321.060629942859
2737.648398,2,1833.386777855764,5347.899938389884
2739.895991,2,1860.212738940073,5408.288382395689
2741.904068,2,1893.74519029546,5488.806307736763
2768.429199,2,1846.7997583979188,5475.386653513251
2769.083676,2,1813.2673070425317,5488.806307736763
2770.187689,2,1752.9088946028357,5515.645616183789
2770.868347,2,1705.9634627052947,5542.484924630812
2771.62049,2,1659.0180308077536,5569.324233077837
2772.405006,2,1618.7790891812895,5616.293022860131
2773.909841,2,1598.6596183680574,5656.5519855306675
2782.74693,2,1511.4752448440524,5663.261812642423
2783.700458,2,1404.1714005068152,5649.842158418912
2784.619429,2,1296.867556169578,5643.132331307155
2785.603644,2,1236.509143729882,5643.132331307155
2787.010662,2,1176.1507312901858,5656.5519855306675
2792.019656,2,1236.509143729882,5649.842158418912
2792.941305,2,1303.5740464406551,5643.132331307155
2794.211866,2,1404.1714005068152,5643.132331307155
2795.291132,2,1491.3557740308204,5636.422504195399
2796.531182,2,1558.4206767415935,5636.422504195399
2799.195463,2,1625.4855794523667,5636.422504195399
2800.379244,2,1712.669952976372,5636.422504195399
2801.715988,2,1786.4413459582227,5629.712677083643
2803.03487,2,1853.5062486689958,5616.293022860131
2804.326377,2,1927.2776416508466,5602.873368636618
2805.163819,2,1987.6360540905425,5602.873368636618
2806.27657,2,2061.4074470723926,5596.163541524862
2807.726708,2,2135.1788400542437,5589.453714413105
2809.876361,2,2202.243742765017,5596.163541524862
2811.219233,2,2235.7761941204035,5623.0028499718865
2812.211224,2,2302.841096831177,5636.422504195399
2814.955041,2,2363.1995092708726,5643.132331307155
2817.803898,2,2416.851431439491,5643.132331307155
2819.715685,2,2490.6228244213416,5636.422504195399
2820.635306,2,2544.2747465899606,5629.712677083643
2821.539314,2,2611.3396493007335,5636.422504195399
2823.130849,2,2664.991571469352,5663.261812642423
2829.955428,2,2671.6980617404297,5582.74388730135
2832.092634,2,2664.991571469352,5495.51613484852
2833.499724,2,2658.285081198275,5428.417863730958
2838.483957,2,2597.926668758579,5401.578555283933
2839.618911,2,2524.155275776728,5347.899938389884
2840.79616,2,2470.50335360811,5287.511494384078
2842.699552,2,2430.264411981646,5227.123050378273
2844.963073,2,2363.1995092708726,5220.413223266517
2847.499657,2,2269.30864547579,5213.70339615476
2849.395558,2,2208.9502330360942,5227.123050378273
2850.883297,2,2195.5372524939394,5287.511494384078
2852.89967,2,2182.124271951785,5347.899938389884
2906.78179,2,2255.8956649336355,5294.221321495834
2907.350862,2,2343.080038457641,5267.382013048809
2907.870419,2,2443.6773925238003,5240.542704601786
2908.415028,2,2544.2747465899606,5193.573914819492
2908.965828,2,2577.807197945347,5146.605125037199
2909.60683,2,2597.926668758579,5052.667545472613
2910.885864,2,2597.926668758579,4972.1496201315385
2911.881091,2,2591.220178487502,4884.921867678708
2916.23032,2,2557.687727132115,4804.403942337634
2921.670313,2,2550.981236861038,4730.595844108317
2923.229768,2,2530.8617660478058,4656.787745878999
2924.470637,2,2524.155275776728,4609.818956096705
2926.230521,2,2450.383882794878,4616.528783208461
2927.542708,2,2376.6124898130274,4616.528783208461
2930.773916,2,2289.428116289022,4609.818956096705
2934.214679,2,2208.9502330360942,4609.818956096705
2940.44938,2,2121.765859512089,4603.109128984949
2941.718444,2,2034.5814859880838,4609.818956096705
2943.142578,2,1960.810093006233,4596.3993018731935
2944.566514,2,1873.6257194822279,4596.3993018731935
2946.016197,2,1786.4413459582227,4596.3993018731935
2948.333362,2,1719.3764432474493,4596.3993018731935
2951.134411,2,1659.0180308077536,4596.3993018731935
2952.832932,2,1585.2466378259028,4589.689474761437
2954.734327,2,1504.768754572975,4576.269820537925
2959.078343,2,1424.290871320047,4582.97964764968
2960.774487,2,1343.812988067119,4596.3993018731935
2964.142175,2,1263.3351048141913,4589.689474761437
2966.479335,2,1176.1507312901858,4589.689474761437
2968.567783,2,1109.0858285794127,4589.689474761437
2970.384429,2,1021.9014550554074,4603.109128984949
2972.4378,2,968.2495328867888,4616.528783208461
2974.053193,2,948.1300620735569,4670.20740010251
2976.085144,2,914.5976107181704,4723.88601699656
2977.384544,2,914.5976107181704,4784.274461002366
2978.989271,2,914.5976107181704,4831.243250784659
2980.326425,2,921.3041009892476,4891.631694790464
2982.822478,2,914.5976107181704,4938.6004845727575
2988.183765,2,968.2495328867888,4945.310311684514
2989.958128,2,1021.9014550554074,4945.310311684514
2992.568317,2,1102.3793383083355,4945.310311684514
2995.58525,2,1156.031260476954,4945.310311684514
2996.952767,2,1223.0961631877271,4945.310311684514
2998.478668,2,1283.454575627423,4931.890657461002
2999.798751,2,1363.932458880351,4945.310311684514
3002.982564,2,1430.9973615911242,4945.310311684514
3009.677732,2,1518.1817351151296,4945.310311684514
3011.41467,2,1612.0725989102123,4945.310311684514
3014.136412,2,1685.8439918920626,4931.890657461002
3028.65272,2,1759.6153848739134,4945.310311684514
3029.924343,2,1833.386777855764,4945.310311684514
3031.436558,2,1920.571151379769,4945.310311684514
3033.628101,2,1987.6360540905425,4945.310311684514
3034.757141,2,2054.7009568013154,4945.310311684514
3035.941442,2,2121.765859512089,4952.02013879627
3036.852419,2,2182.124271951785,4952.02013879627
3038.012347,2,2242.4826843914807,4952.02013879627
3040.668272,2,2235.7761941204035,4891.631694790464
3042.35752,2,2188.830762222862,4837.953077896415
3043.284166,2,2135.1788400542437,4764.144979667097
3044.332673,2,2101.6463886988568,4690.336881437779
3045.347736,2,2054.7009568013154,4616.528783208461
3047.348832,2,1960.810093006233,4596.3993018731935
3049.221029,2,1853.5062486689958,4582.97964764968
3050.893342,2,1773.028365416068,4569.559993426168
3052.853174,2,1692.55048216314,4569.559993426168
3054.236745,2,1618.7790891812895,4542.720684979144
3054.924432,2,1531.5947156572843,4556.140339202656
3055.852284,2,1417.5843810489698,4562.8501663144125
3058.909082,2,1330.4000075249644,4562.8501663144125
3061.788476,2,1249.9221242720366,4562.8501663144125
3063.901692,2,1169.4442410191086,4569.559993426168
3065.332266,2,1109.0858285794127,4582.97964764968
3065.988728,2,1095.672848037258,4629.948437431974
3066.699806,2,1048.7274161397168,4676.917227214267
3067.364898,2,1021.9014550554074,4737.305671220072
3068.003779,2,988.3690037000208,4777.56463389061
3068.573093,2,921.3041009892476,4837.953077896415
3069.159789,2,887.771649633861,4884.921867678708
3070.126225,2,840.8262177363197,4918.471003237489
3071.395206,2,793.8807858387785,4938.6004845727575
3072.314878,2,726.8158831280051,4938.6004845727575
3073.716415,2,686.5769415015412,4844.662905008171
3075.20337,2,673.1639609593866,4750.7253254435855
3076.204779,2,679.8704512304639,4670.20740010251
3077.133021,2,679.8704512304639,4603.109128984949
3078.515274,2,673.1639609593866,4529.3010307556315
3079.548399,2,673.1639609593866,4462.202759638069
3080.780196,2,599.392567977536,4462.202759638069
3081.869113,2,512.2081944535307,4442.073278302802
3082.797276,2,445.1432917427575,4442.073278302802
3083.979919,2,357.9589182187523,4442.073278302802
3085.060803,2,297.60050577905633,4442.073278302802
3085.940236,2,217.1226225261284,4442.073278302802
3086.628866,2,156.76421008643248,4442.073278302802
3087.523913,2,82.9928171045819,4448.783105414557
3088.628696,2,62.873346291349925,4509.171549420363
3089.420127,2,56.1668560202726,4576.269820537925
3090.189211,2,56.1668560202726,4636.65826454373
3090.910634,2,49.460365749195276,4683.627054326023
3091.500859,2,49.460365749195276,4744.015498331829
3092.268355,2,49.460365749195276,4824.533423672902
3092.804144,2,42.753875478117955,4891.631694790464
3093.427802,2,42.753875478117955,4958.729965908026
3094.588809,2,109.81877818889122,4972.1496201315385
3095.740333,2,170.17719062858714,4978.859447243294
3096.710688,2,230.53560306828305,4978.859447243294
3097.55693,2,264.0680544236697,4978.859447243294
3099.562598,1,465.26276255598947,5039.2478912491
3100.643234,1,539.0341555378401,5039.2478912491
3101.610725,1,619.512038790768,5032.538064137344
3103.019325,1,632.9250193329226,4945.310311684514
3104.258636,1,632.9250193329226,4871.502213455196
3105.490903,1,632.9250193329226,4790.984288114122
3108.684757,1,646.3379998750773,4710.466362773048
3109.729702,1,646.3379998750773,4643.368091655486
3110.555231,1,626.2185290618453,4569.559993426168
3111.474717,1,626.2185290618453,4509.171549420363
3113.266955,1,539.0341555378401,4509.171549420363
3114.268577,1,465.26276255598947,4495.7518951968505
3115.026326,1,404.90435011629353,4502.461722308607
3115.722967,1,324.42646686336565,4509.171549420363
3116.826629,1,277.4810349658244,4509.171549420363
3120.858914,0,42.753875478117955,4978.859447243294
3124.941802,0,109.81877818889122,4978.859447243294
3126.422684,0,176.88368089966445,4978.859447243294
3127.374326,0,250.65507388151505,4985.569274355051
3128.358498,0,337.8394474055203,4992.279101466807
3129.349528,0,404.90435011629353,4992.279101466807
3130.502361,0,458.55627228491215,4985.569274355051
3131.933126,0,532.3276652667627,4985.569274355051
3133.033789,0,599.392567977536,4998.988928578563
3134.942256,0,673.1639609593866,4985.569274355051
3137.390402,0,740.2288636701599,4965.439793019782
3138.016102,0,820.7067469230877,4952.02013879627
3138.833512,0,887.771649633861,4945.310311684514
3140.068946,0,968.2495328867888,4911.761176125733
3140.878323,0,1048.7274161397168,4884.921867678708
3141.741864,0,1115.7923188504901,4864.792386343439
3142.351339,0,1229.8026534588046,4878.212040566952
3143.293192,0,1316.98702698281,4858.082559231683
3144.166057,0,1397.4649102357378,4824.533423672902
3145.004998,0,1518.1817351151296,4811.113769449391
3146.13443,0,1612.0725989102123,4811.113769449391
3147.773921,0,1692.55048216314,4811.113769449391
3149.125419,0,1773.028365416068,4811.113769449391
3149.862594,0,1846.7997583979188,4817.823596561147
3150.902673,0,1974.223073548388,4817.823596561147
3151.718334,0,2068.1139373434703,4811.113769449391
3152.71845,0,2162.004801138553,4811.113769449391
3154.045936,0,2229.069703849326,4837.953077896415
3163.886095,0,2309.547587102254,4790.984288114122
3165.574149,0,2410.144941168414,4750.7253254435855
3166.462461,0,2490.6228244213416,4723.88601699656
3167.685898,0,2591.220178487502,4683.627054326023
3168.622547,0,2664.991571469352,4636.65826454373
3169.33437,0,2752.1759449933575,4596.3993018731935
3170.127031,0,2846.06680878844,4556.140339202656
3171.509847,0,2899.718730957059,4536.010857867388
3200.771796,0,2819.240847704131,4556.140339202656
3218.243391,0,2785.708396348744,4636.65826454373
3219.774012,0,2758.8824352644347,4703.756535661291
3221.859494,0,2691.8175325536617,4784.274461002366
3265.753179,0,2597.926668758579,4744.015498331829
3269.624395,0,2577.807197945347,4663.497572990755
3273.335582,0,2544.2747465899606,4556.140339202656
3302.023528,0,2564.394217403192,4502.461722308607
3303.423861,0,2571.1007076742694,4435.363451191045
3305.184699,0,2577.807197945347,4368.265180073483
3306.464186,0,2577.807197945347,4294.457081844165
3307.504692,0,2557.687727132115,4193.809675167823
3308.440376,0,2524.155275776728,4113.291749826749
3309.088784,0,2477.2098438791872,4046.1934787091873
3309.672999,0,2463.7968633370324,3965.675553368113
3310.489116,0,2443.6773925238003,3891.8674551387953
3311.184142,0,2436.970902252723,3818.059356909478
3312.217163,0,2430.264411981646,3737.5414315684034
3313.104695,0,2410.144941168414,3650.3136791155734
3313.808382,0,2403.4384508973367,3522.826963992206
3314.449018,0,2410.144941168414,3415.4697302041072
3315.082023,0,2416.851431439491,3314.822323527765
3315.768551,0,2423.5579217105687,3200.7552626279103
3316.440794,0,2423.5579217105687,3106.817683063324
3317.072408,0,2416.851431439491,3012.8801034987373
3317.682757,0,2416.851431439491,2932.3621781576635
3318.352324,0,2416.851431439491,2851.8442528165897
3319.000301,0,2436.970902252723,2757.906673252003
3319.75233,0,2436.970902252723,2670.678920799173
3322.136444,0,2410.144941168414,2583.451168346343
3323.816573,0,2410.144941168414,2509.643070117025
3324.72816,0,2410.144941168414,2415.7054905524387
3325.361181,0,2410.144941168414,2341.897392323121
3326.017055,0,2416.851431439491,2294.928602540828
3326.727973,0,2430.264411981646,2207.7008500879974
3327.608669,0,2463.7968633370324,2167.4418874174607
3328.528324,0,2517.4487855056514,2093.6337891881426
3331.360041,0,2631.4591201139656,2033.2453451823371
3332.303285,0,2725.349983909048,1986.276555400044
3333.184567,0,2792.4148866198216,1925.8881113942384
3333.958487,0,2899.718730957059,1858.7898402766768
3334.720132,0,2933.2511823124455,1811.8210504943836
3335.801,0,2993.609594752141,1751.4326064885781
3339.073227,0,2953.370653125677,1825.240704717896
3340.057732,0,2872.8927698727493,1865.499667388433
3341.483062,0,2832.6538282462852,1892.3389758354576
3343.104455,0,2772.2954158065895,1912.468457170726
3344.216783,0,2671.6980617404297,1912.468457170726
3345.824682,0,2577.807197945347,1912.468457170726
3347.201253,0,2504.0358049634965,1899.0488029472137
3348.416939,0,2436.970902252723,1885.6291487237013
3349.728542,0,2363.1995092708726,1885.6291487237013
3351.192197,0,2235.7761941204035,1885.6291487237013
3352.032531,0,2188.830762222862,1939.3077656177509
3352.86453,0,2101.6463886988568,1966.1470740647756
3353.592996,0,2061.4074470723926,2033.2453451823371
3354.337001,0,2041.287976259161,2100.3436162998987
3354.992435,0,2021.168505445929,2180.861541640973
3355.529238,0,2021.168505445929,2288.2187754290712
3356.320995,0,2027.8749957170062,2375.4465278819016
3357.103503,0,2034.5814859880838,2455.9644532229754
3357.943847,0,2041.287976259161,2556.611859899318
3359.033744,0,2041.287976259161,2637.1297852403923
3360.056879,0,2041.287976259161,2710.93788346971
3361.025888,0,2047.9944665302385,2791.455808810784
3361.769135,0,2061.4074470723926,2865.263907040102
3362.31254,0,2068.1139373434703,2959.2014866046884
3362.867095,0,2068.1139373434703,3073.2685475045428
3363.368874,0,2047.9944665302385,3160.496299957373
3363.984304,0,2021.168505445929,3254.4338795219596
3364.537236,0,1994.3425443616197,3334.9518048630334
3365.784886,0,1947.3971124640784,3395.340248868839
3367.467854,0,1940.6906221930012,3475.858174209913
3372.623507,0,1933.9841319219238,3549.666272439231
3373.420528,0,1954.1036027351556,3610.0547164450363
3373.960332,0,2014.4620151748516,3643.6038520038173
3374.512564,0,2108.352878969934,3683.862814674354
3375.304469,0,2155.2983108674753,3717.4119502331346
3376.920434,0,2188.830762222862,3791.220048462453
3378.001583,0,2195.5372524939394,3871.7379738035265
3379.191935,0,2195.5372524939394,3918.70676358582
3380.464241,0,2202.243742765017,3979.0952075916257
3381.296839,0,2195.5372524939394,4073.032787156212
3381.952239,0,2188.830762222862,4153.550712497286
3382.567664,0,2188.830762222862,4227.358810726604
3383.224274,0,2202.243742765017,4307.8767360676775
3384.480355,0,2202.243742765017,4381.684834296996
3386.072266,0,2229.069703849326,4455.492932526313
3387.641286,0,2262.6021552047127,4536.010857867388
3389.345001,0,2316.2540773733313,4596.3993018731935
3390.473241,0,2376.6124898130274,4629.948437431974
3391.864349,0,2443.6773925238003,4676.917227214267
