timestamp,x,y,floorNumber
0.0,2175.417781680708,4797.694115225878,0
2.0,2170.1785851978566,4619.887683409774,0
4.0,2141.582623193646,4546.638663854845,0
6.0,2094.2585030505948,4513.2555118347145,0
8.0,2016.8620679657197,4509.344943349323,0
10.0,1934.2499146341277,4515.881376532119,0
12.0,1934.7513652543385,4515.881376532119,0
14.0,1952.5657602424756,4515.881376532119,0
16.0,1970.3801552306127,4515.881376532119,0
18.0,2072.9986092953686,4493.308344027006,0
20.0,2163.7962008737873,4398.896210501816,0
22.0,2182.124271951785,4279.21010541187,0
24.0,2182.124271951785,4226.4127015562035,0
26.0,2176.2511661688586,4149.3028488345535,0
28.0,2186.6133066390403,3956.530565572837,0
30.0,2175.417781680708,3747.522807789451,0
32.0,2153.3197967075685,3627.793448448764,0
34.0,2088.8020142803643,3520.325383990149,0
36.0,2074.7109506181905,3499.1782719004564,0
38.0,2060.619886956016,3478.0311598107637,0
40.0,1993.0159449298178,3352.8691870540015,0
42.0,1794.7071394305838,3068.118799431527,0
44.0,1566.2934935655785,2962.1604772856754,0
46.0,1385.871582896128,2962.861979443915,0
48.0,1278.3283793008466,2957.5102617478983,0
50.0,1237.9580654141334,2952.491659492932,0
52.0,1228.697861777161,2952.491659492932,0
54.0,1219.4376581401884,2952.491659492932,0
56.0,1210.177454503216,2952.491659492932,0
58.0,1200.9172508662436,2952.491659492932,0
60.0,1191.657047229271,2952.491659492932,0
62.0,1182.3968435922986,2952.491659492932,0
64.0,1173.136639955326,2952.491659492932,0
66.0,1163.8764363183536,2952.491659492932,0
68.0,1080.4808846416947,2945.584069270805,0
70.0,1009.8049936000691,2937.727285258594,0
72.0,961.6116375808608,2932.911210916421,0
74.0,961.8279320061386,2934.642427263796,0
76.0,962.0442264314163,2936.3736436111712,0
78.0,962.260520856694,2938.1048599585465,0
80.0,962.4768152819717,2939.8360763059213,0
82.0,962.6931097072494,2941.5672926532966,0
84.0,962.9094041325271,2943.2985090006714,0
86.0,963.1256985578049,2945.0297253480467,0
88.0,963.3419929830826,2946.760941695422,0
90.0,963.5582874083602,2948.4921580427967,0
92.0,963.774581833638,2950.223374390172,0
94.0,963.9908762589157,2951.9545907375473,0
96.0,964.2071706841934,2953.685807084922,0
98.0,964.4234651094711,2955.4170234322974,0
100.0,964.6397595347488,2957.1482397796726,0
102.0,964.8560539600265,2958.8794561270474,0
104.0,965.0723483853043,2960.6106724744227,0
106.0,965.288642810582,2962.341888821798,0
108.0,965.5049372358596,2964.073105169173,0
110.0,965.7212316611374,2965.804321516548,0
112.0,965.9375260864151,2967.535537863923,0
114.0,966.1538205116929,2969.266754211298,0
116.0,966.3701149369706,2970.9979705586734,0
118.0,966.5864093622482,2972.729186906048,0
120.0,966.802703787526,2974.4604032534235,0
122.0,967.0189982128037,2976.1916196007987,0
124.0,967.2352926380814,2977.9228359481735,0
126.0,967.451587063359,2979.654052295549,0
128.0,967.6678814886368,2981.385268642924,0
130.0,967.8841759139145,2983.116484990299,0
132.0,968.1004703391923,2984.847701337674,0
134.0,1037.3089918981327,3040.8444230645173,0
136.0,1178.0083370302452,3194.286866477729,0
138.0,1229.810893875201,3361.716912662025,0
140.0,1229.9419156246101,3360.5371302038516,0
142.0,1230.0729373740191,3359.357347745678,0
144.0,1230.2039591234281,3358.177565287504,0
146.0,1230.3349808728371,3356.9977828293304,0
148.0,1230.4660026222462,3355.818000371157,0
150.0,1230.5970243716552,3354.638217912983,0
152.0,1230.7280461210642,3353.458435454809,0
154.0,1230.8590678704732,3352.2786529966356,0
156.0,1230.9900896198824,3351.098870538462,0
158.0,1231.1211113692914,3349.919088080288,0
160.0,1231.2521331187004,3348.7393056221144,0
162.0,1231.3831548681094,3347.559523163941,0
164.0,1231.5141766175184,3346.3797407057673,0
166.0,1231.6451983669274,3345.1999582475933,0
168.0,1231.7762201163364,3344.0201757894197,0
170.0,1231.9072418657454,3342.840393331246,0
172.0,1232.0382636151544,3341.660610873072,0
174.0,1232.1692853645636,3340.4808284148985,0
176.0,1232.3003071139726,3339.301045956725,0
178.0,1232.4313288633816,3338.1212634985513,0
180.0,1232.5623506127906,3336.9414810403773,0
182.0,1232.6933723621996,3335.7616985822037,0
184.0,1232.8243941116086,3334.58191612403,0
186.0,1232.9554158610176,3333.4021336658566,0
188.0,1233.0864376104266,3332.2223512076826,0
190.0,1233.2174593598356,3331.042568749509,0
192.0,1233.3484811092449,3329.8627862913354,0
194.0,1233.4795028586539,3328.683003833162,0
196.0,1233.6105246080629,3327.503221374988,0
198.0,1233.7415463574719,3326.323438916814,0
200.0,1233.8725681068809,3325.1436564586406,0
202.0,1234.0035898562899,3323.9638740004666,0
204.0,1234.1346116056989,3322.784091542293,0
206.0,1234.2656333551079,3321.6043090841194,0
208.0,1234.396655104517,3320.424526625946,0
210.0,1234.527676853926,3319.244744167772,0
212.0,1234.658698603335,3318.0649617095983,0
214.0,1234.789720352744,3316.8851792514247,0
216.0,1234.920742102153,3315.705396793251,0
218.0,1235.051763851562,3314.525614335077,0
220.0,1235.182785600971,3313.3458318769035,0
222.0,1235.31380735038,3312.16604941873,0
224.0,1235.444829099789,3310.986266960556,0
226.0,1235.5758508491983,3309.8064845023823,0
228.0,1235.7068725986073,3308.6267020442087,0
230.0,1235.8378943480163,3307.446919586035,0
232.0,1235.9689160974253,3306.267137127861,0
234.0,1236.0999378468343,3305.0873546696876,0
236.0,1236.2309595962433,3303.907572211514,0
238.0,1236.3619813456523,3302.7277897533404,0
240.0,1236.4930030950613,3301.5480072951664,0
242.0,1287.4451288775117,3158.6775918687104,0
244.0,1359.316993377053,3001.492924656766,0
246.0,1478.3370035013265,2948.257624617579,0
248.0,1587.1245344518536,2946.26493199427,0
250.0,1705.8747734264848,2973.541658955661,0
252.0,1869.2111938600972,3115.3789429913986,0
254.0,1971.4448129475284,3263.684069342407,0
256.0,2051.0070471868194,3451.1240547330885,0
258.0,2061.4074470723926,3492.367153475126,0
260.0,2061.4074470723926,3496.3443139753545,0
262.0,2061.4074470723926,3500.321474475583,0
264.0,2061.4074470723926,3504.298634975811,0
266.0,2061.4074470723926,3508.2757954760395,0
268.0,2061.4074470723926,3512.252955976268,0
270.0,2061.4074470723926,3516.2301164764963,0
272.0,2061.4074470723926,3520.207276976724,0
274.0,2061.4074470723926,3524.1844374769526,0
276.0,2061.4074470723926,3528.161597977181,0
278.0,2061.4074470723926,3532.1387584774093,0
280.0,2061.4074470723926,3536.1159189776376,0
282.0,2061.4074470723926,3540.093079477866,0
284.0,2061.4074470723926,3544.0702399780944,0
286.0,2061.4074470723926,3548.0474004783227,0
288.0,2061.4074470723926,3552.024560978551,0
290.0,2061.4074470723926,3556.0017214787795,0
292.0,2012.6822315004197,3646.8531842321,0
294.0,1945.341299278819,3674.8650148184784,0
296.0,1920.6334698201988,3681.9279070860766,0
298.0,1906.8121010064372,3681.040387021817,0
300.0,1897.0984463588602,3677.1529919359173,0
302.0,1887.384791711283,3673.2655968500176,0
304.0,1877.671137063706,3669.378201764118,0
306.0,1867.9574824161289,3665.490806678218,0
308.0,1858.243827768552,3661.6034115923185,0
310.0,1848.5301731209747,3657.716016506419,0
312.0,1729.224857773101,3676.367115679754,0
314.0,1722.5568920942117,3657.750110551887,0
316.0,1718.9210369365703,3637.7429574974735,0
318.0,1715.2851817789292,3617.7358044430603,0
320.0,1715.1876582532457,3570.598435709477,0
322.0,1719.810195841416,3509.6076107412478,0
324.0,1720.6240340934926,3497.3939630336267,0
326.0,1721.4378723455693,3485.1803153260057,0
328.0,1722.251710597646,3472.9666676183847,0
330.0,1723.0655488497227,3460.7530199107637,0
332.0,1723.8793871017995,3448.5393722031426,0
334.0,1724.6932253538762,3436.3257244955216,0
336.0,1725.507063605953,3424.1120767879006,0
338.0,1725.221241410858,3404.2621592064384,0
340.0,1722.2743031744592,3365.932900743638,0
342.0,1719.3764432474493,3326.349339539843,0
344.0,1737.6474593507737,3221.609613953872,0
346.0,1810.4332100767913,3119.9425175795473,0
348.0,1904.6819499790106,3045.9506241608883,0
350.0,1943.2559802357505,3024.899775296745,0
352.0,1947.705790764024,3022.4713982699914,0
354.0,1952.1556012922972,3020.043021243238,0
356.0,1956.6054118205707,3017.6146442164845,0
358.0,1961.0552223488442,3015.1862671897316,0
360.0,1965.5050328771176,3012.757890162978,0
362.0,1969.954843405391,3010.3295131362247,0
364.0,1974.4046539336646,3007.9011361094713,0
366.0,1978.854464461938,3005.472759082718,0
368.0,1983.3042749902115,3003.0443820559644,0
370.0,1987.7540855184848,3000.616005029211,0
372.0,1992.2038960467582,2998.1876280024576,0
374.0,1996.6537065750317,2995.759250975704,0
376.0,2001.1035171033052,2993.3308739489507,0
378.0,2005.5533276315787,2990.9024969221973,0
380.0,2010.0031381598521,2988.474119895444,0
382.0,2014.4529486881256,2986.0457428686905,0
384.0,2191.686378837348,2884.036997403595,0
386.0,2331.4228384514377,2872.8708880050913,0
388.0,2412.573775640663,2848.77949012746,0
390.0,2420.2083067945937,2860.236984744975,0
392.0,2427.842837948524,2871.6944793624903,0
394.0,2435.4773691024548,2883.151973980005,0
396.0,2443.111900256385,2894.60946859752,0
398.0,2453.9529614376697,2917.4257178837847,0
400.0,2511.057858573931,3156.9436763370263,0
402.0,2505.136364040006,3392.639075772623,0
404.0,2514.850933458075,3438.1035453559707,0
406.0,2540.9407081875115,3441.8325104702176,0
408.0,2567.030482916948,3445.5614755844645,0
410.0,2591.220178487502,3448.514777701272,0
412.0,2591.220178487502,3441.5932008238633,0
414.0,2591.220178487502,3434.6716239464545,0
416.0,2591.220178487502,3427.7500470690456,0
418.0,2591.220178487502,3420.828470191637,0
420.0,2591.220178487502,3413.906893314228,0
422.0,2591.220178487502,3406.985316436819,0
424.0,2591.220178487502,3400.0637395594104,0
426.0,2591.220178487502,3393.142162682001,0
428.0,2591.220178487502,3386.2205858045922,0
430.0,2591.220178487502,3379.2990089271834,0
432.0,2591.220178487502,3372.3774320497746,0
434.0,2591.220178487502,3365.455855172366,0
436.0,2591.220178487502,3358.534278294957,0
438.0,2591.220178487502,3351.612701417548,0
440.0,2591.220178487502,3344.691124540139,0
442.0,2591.220178487502,3337.76954766273,0
444.0,2591.220178487502,3208.027868616275,0
446.0,2505.9661944995028,3041.765234090314,0
448.0,2408.3442811734835,2984.052787795513,0
450.0,2365.83896918904,2946.1500318250764,0
452.0,2350.8255031189246,2918.6116490129184,0
454.0,2336.3110165651633,2891.6652763473376,0
456.0,2334.639070430732,2879.955830222575,0
458.0,2332.9671242963004,2868.246384097813,0
460.0,2331.295178161869,2856.5369379730505,0
462.0,2329.6232320274376,2844.827491848288,0
464.0,2327.951285893006,2833.1180457235255,0
466.0,2326.2793397585747,2821.4085995987634,0
468.0,2324.6073936241432,2809.699153474001,0
470.0,2322.2350590029546,2794.2943312764637,0
472.0,2297.0828129639976,2521.096288167449,0
474.0,2247.2082239254105,2312.415502053432,0
476.0,2142.159236171322,2142.9111611865583,0
478.0,2063.8390952534014,2084.785477549083,0
480.0,2048.11842872356,2053.002754904006,0
482.0,2057.7278079599523,2024.1602736412392,0
484.0,2067.3371871963445,1995.3177923784726,0
486.0,2075.811110069016,1992.9863825118,0
488.0,2084.1851797848685,1992.9863825118,0
490.0,2092.559249500721,1992.9863825118,0
492.0,2100.9333192165736,1992.9863825118,0
494.0,2109.307388932426,1992.9863825118,0
496.0,2117.6814586482783,1992.9863825118,0
498.0,2126.0555283641306,1992.9863825118,0
500.0,2134.4295980799834,1992.9863825118,0
502.0,2142.8036677958357,1992.9863825118,0
504.0,2247.215567770625,1977.875571772598,0
506.0,2341.168772183854,1944.8181902595325,0
508.0,2350.23179742455,1942.551306613372,0
510.0,2359.294822665247,1940.2844229672114,0
512.0,2368.357847905944,1938.0175393210511,0
514.0,2377.4208731466406,1935.7506556748906,0
516.0,2386.4838983873374,1933.48377202873,0
518.0,2395.5469236280337,1931.2168883825698,0
520.0,2404.6099488687305,1928.9500047364093,0
522.0,2413.6729741094273,1926.6831210902487,0
524.0,2430.140053845128,1921.4563666568672,0
526.0,2450.6063178266786,1914.6308843062354,0
528.0,2471.072581808229,1907.8054019556034,0
530.0,2491.53884578978,1900.9799196049717,0
532.0,2628.411793748796,1879.9045148627602,0
534.0,2780.693051941602,1878.9193216119447,0
536.0,2931.7277314823614,1875.767819692381,0
538.0,2963.010403683211,1879.799737534448,0
540.0,2966.6903510500256,1880.9042710361894,0
542.0,2970.37029841684,1882.0088045379305,0
544.0,2974.050245783654,1883.1133380396716,0
546.0,2977.730193150469,1884.217871541413,0
548.0,2981.4101405172833,1885.322405043154,0
550.0,2985.0900878840976,1886.4269385448952,0
552.0,2988.7700352509123,1887.5314720466365,0
554.0,2992.4499826177266,1888.6360055483776,0
556.0,2996.129929984541,1889.7405390501187,0
558.0,2999.8098773513557,1890.8450725518599,0
560.0,3003.48982471817,1891.9496060536012,0
562.0,3007.1697720849843,1893.0541395553423,0
564.0,3010.849719451799,1894.1586730570834,0
566.0,3014.5296668186134,1895.2632065588248,0
568.0,3018.2096141854277,1896.367740060566,0
570.0,3021.8895615522424,1897.472273562307,0
572.0,3025.5695089190567,1898.5768070640481,0
574.0,3083.622445008973,1936.721136911632,0
576.0,3128.7940269749874,1959.9648227205314,0
578.0,3141.1226290264344,1966.5042719745154,0
580.0,3141.0808715367834,1967.005611169574,0
582.0,3141.039114047132,1967.5069503646325,0
584.0,3140.9973565574805,1968.008289559691,0
586.0,3140.9555990678296,1968.5096287547497,0
588.0,3140.913841578178,1969.0109679498082,0
590.0,3140.872084088527,1969.5123071448668,0
592.0,3140.8303265988757,1970.0136463399256,0
594.0,3140.788569109224,1970.5149855349841,0
596.0,3140.7468116195732,1971.0163247300427,0
598.0,3140.705054129922,1971.5176639251013,0
600.0,3140.663296640271,1972.0190031201598,0
602.0,3140.6215391506194,1972.5203423152184,0
604.0,3140.5797816609684,1973.0216815102772,0
606.0,3140.538024171317,1973.5230207053357,0
608.0,3140.4962666816655,1974.0243599003943,0
610.0,3140.4545091920145,1974.5256990954529,0
612.0,3140.412751702363,1975.0270382905114,0
614.0,3140.370994212712,1975.52837748557,0
616.0,3140.3292367230606,1976.0297166806286,0
618.0,3140.2874792334096,1976.5310558756873,0
620.0,3140.245721743758,1977.032395070746,0
622.0,3140.2039642541067,1977.5337342658045,0
624.0,3140.1622067644557,1978.035073460863,0
626.0,3140.1204492748043,1978.5364126559216,0
628.0,3140.0786917851533,1979.0377518509802,0
630.0,3140.036934295502,1979.5390910460387,0
632.0,3139.995176805851,1980.0404302410975,0
634.0,3139.9534193161994,1980.541769436156,0
636.0,3139.911661826548,1981.0431086312146,0
638.0,3139.869904336897,1981.5444478262732,0
640.0,3139.8281468472455,1982.0457870213318,0
642.0,3139.7863893575945,1982.5471262163903,0
644.0,3139.744631867943,1983.048465411449,0
646.0,3139.702874378292,1983.5498046065077,0
648.0,3139.6611168886407,1984.0511438015662,0
650.0,3139.619359398989,1984.5524829966248,0
652.0,3139.5776019093382,1985.0538221916834,0
654.0,3139.535844419687,1985.555161386742,0
656.0,3139.494086930036,1986.0565005818005,0
658.0,3139.4523294403843,1986.557839776859,0
660.0,3139.4105719507334,1987.0591789719178,0
662.0,3139.368814461082,1987.5605181669764,0
664.0,3139.3270569714305,1988.061857362035,0
666.0,3139.2852994817795,1988.5631965570935,0
668.0,3139.243541992128,1989.064535752152,0
670.0,3139.201784502477,1989.5658749472107,0
672.0,3139.1600270128256,1990.0672141422692,0
674.0,3139.118269523174,1990.568553337328,0
676.0,3139.076512033523,1991.0698925323866,0
678.0,3139.0347545438717,1991.5712317274451,0
680.0,3138.9929970542207,1992.0725709225037,0
682.0,3138.9512395645693,1992.5739101175623,0
684.0,3138.9094820749183,1993.0752493126208,0
686.0,3138.867724585267,1993.5765885076794,0
688.0,3138.8259670956154,1994.0779277027382,0
690.0,3138.7842096059644,1994.5792668977967,0
692.0,3138.742452116313,1995.0806060928553,0
694.0,3138.700694626662,1995.5819452879139,0
696.0,3138.6589371370105,1996.0832844829724,0
698.0,3138.6171796473595,1996.584623678031,0
700.0,3138.575422157708,1997.0859628730896,0
702.0,3138.5336646680566,1997.5873020681483,0
704.0,3138.4919071784057,1998.088641263207,0
706.0,3138.450149688754,1998.5899804582655,0
708.0,3138.408392199103,1999.091319653324,0
710.0,3138.366634709452,1999.5926588483826,0
712.0,3138.324877219801,2000.0939980434412,0
714.0,3138.2831197301493,2000.5953372384997,0
716.0,3138.241362240498,2001.0966764335585,0
718.0,3138.199604750847,2001.598015628617,0
720.0,3138.1578472611955,2002.0993548236756,0
722.0,3138.1160897715445,2002.6006940187342,0
724.0,3138.074332281893,2003.1020332137928,0
726.0,3138.032574792242,2003.6033724088513,0
728.0,3137.9908173025906,2004.10471160391,0
730.0,3137.949059812939,2004.6060507989687,0
732.0,3137.907302323288,2005.1073899940272,0
734.0,3137.8655448336367,2005.6087291890858,0
736.0,3137.8237873439857,2006.1100683841444,0
738.0,3137.7820298543343,2006.611407579203,0
740.0,3137.7402723646833,2007.1127467742615,0
742.0,3137.698514875032,2007.61408596932,0
744.0,3137.6567573853804,2008.1154251643788,0
746.0,3137.6149998957294,2008.6167643594374,0
748.0,3137.573242406078,2009.118103554496,0
750.0,3137.531484916427,2009.6194427495545,0
752.0,3137.4897274267755,2010.120781944613,0
754.0,3137.447969937124,2010.6221211396717,0
756.0,3137.406212447473,2011.1234603347302,0
758.0,3137.3644549578216,2011.624799529789,0
760.0,3137.3226974681706,2012.1261387248476,0
762.0,3137.280939978519,2012.6274779199061,0
764.0,3137.239182488868,2013.1288171149647,0
766.0,3137.1974249992168,2013.6301563100233,0
768.0,3137.1556675095653,2014.1314955050818,0
770.0,3137.1139100199143,2014.6328347001404,0
772.0,3137.072152530263,2015.1341738951992,0
774.0,3137.030395040612,2015.6355130902577,0
776.0,3136.9886375509604,2016.1368522853163,0
778.0,3136.9468800613095,2016.6381914803749,0
780.0,3136.905122571658,2017.1395306754334,0
782.0,3136.8633650820066,2017.640869870492,0
784.0,3136.8216075923556,2018.1422090655508,0
786.0,3136.779850102704,2018.6435482606094,0
788.0,3136.738092613053,2019.144887455668,0
790.0,3136.6963351234017,2019.6462266507265,0
792.0,3136.6545776337507,2020.147565845785,0
794.0,3136.6128201440993,2020.6489050408436,0
796.0,3136.571062654448,2021.1502442359022,0
798.0,3136.529305164797,2021.651583430961,0
800.0,3136.4875476751454,2022.1529226260195,0
802.0,3136.4457901854944,2022.654261821078,0
804.0,3136.404032695843,2023.1556010161366,0
806.0,3136.362275206192,2023.6569402111952,0
808.0,3136.3205177165405,2024.1582794062538,0
810.0,3136.278760226889,2024.6596186013123,0
812.0,3136.237002737238,2025.1609577963711,0
814.0,3136.1952452475866,2025.6622969914297,0
816.0,3136.1534877579356,2026.1636361864882,0
818.0,3136.111730268284,2026.6649753815468,0
820.0,3136.069972778633,2027.1663145766054,0
822.0,3136.0282152889818,2027.667653771664,0
824.0,3135.9864577993303,2028.1689929667225,0
826.0,3135.9447003096793,2028.6703321617813,0
828.0,3135.902942820028,2029.1716713568399,0
830.0,3135.861185330377,2029.6730105518984,0
832.0,3135.8194278407254,2030.174349746957,0
834.0,3135.7776703510744,2030.6756889420155,0
836.0,3135.735912861423,2031.177028137074,0
838.0,3135.6941553717716,2031.6783673321327,0
840.0,3135.6523978821206,2032.1797065271915,0
842.0,3135.610640392469,2032.68104572225,0
844.0,3135.568882902818,2033.1823849173086,0
846.0,3135.5271254131667,2033.6837241123671,0
848.0,3135.4853679235152,2034.1850633074257,0
850.0,3135.4436104338643,2034.6864025024843,0
852.0,3135.401852944213,2035.1877416975428,0
854.0,3135.360095454562,2035.6890808926016,0
856.0,3135.3183379649104,2036.1904200876602,0
858.0,3135.2765804752594,2036.6917592827187,0
860.0,3135.234822985608,2037.1930984777773,0
862.0,3135.1930654959565,2037.6944376728359,0
864.0,3135.1513080063055,2038.1957768678944,0
866.0,3135.109550516654,2038.697116062953,0
868.0,3135.067793027003,2039.1984552580118,0
870.0,3135.0260355373516,2039.6997944530704,0
872.0,3134.9842780477006,2040.201133648129,0
874.0,3134.942520558049,2040.7024728431875,0
876.0,3134.9007630683977,2041.203812038246,0
878.0,3134.8590055787467,2041.7051512333046,0
880.0,3134.8172480890953,2042.2064904283634,0
882.0,3134.7754905994443,2042.707829623422,0
884.0,3134.733733109793,2043.2091688184805,0
886.0,3134.691975620142,2043.710508013539,0
888.0,3134.6502181304904,2044.2118472085976,0
890.0,3134.608460640839,2044.7131864036562,0
892.0,3134.566703151188,2045.2145255987148,0
894.0,3134.5249456615365,2045.7158647937736,0
896.0,3134.4831881718856,2046.2172039888321,0
898.0,3128.9075086867188,2070.6765948133393,0
900.0,3087.992363010874,2222.7528956230913,0
902.0,3036.0940351591125,2354.163717527909,0
904.0,3036.405522112414,2361.7070914118713,0
906.0,3039.262826223468,2361.349750690124,0
908.0,3042.1201303345215,2360.9924099683763,0
910.0,3044.977434445575,2360.6350692466285,0
912.0,3047.834738556629,2360.2777285248812,0
914.0,3050.6920426676825,2359.9203878031335,0
916.0,3053.549346778736,2359.563047081386,0
918.0,3056.40665088979,2359.2057063596385,0
920.0,3059.2639550008435,2358.8483656378908,0
922.0,3062.121259111897,2358.491024916143,0
924.0,3064.9785632229505,2358.1336841943953,0
926.0,3067.8358673340044,2357.776343472648,0
928.0,3070.693171445058,2357.4190027509003,0
930.0,3073.5504755561115,2357.0616620291526,0
932.0,3076.4077796671654,2356.7043213074053,0
934.0,3079.265083778219,2356.3469805856575,0
936.0,3082.1223878892724,2355.98963986391,0
938.0,3084.9796920003264,2355.6322991421625,0
940.0,3101.0029636007666,2354.1912779401187,0
942.0,3193.7265956498973,2346.625599050648,0
944.0,3255.881262359426,2341.8494653530424,0
946.0,3346.3669738905496,2335.814083149463,0
948.0,3519.177892779854,2332.832071951968,0
950.0,3697.8769163090897,2319.746374273785,0
952.0,3780.038712412004,2300.930175055438,0
954.0,3822.9039178598737,2279.579193324891,0
956.0,3862.000635838357,2249.1555049990316,0
958.0,3905.9439091479244,2213.5947052266297,0
960.0,3954.0946421203344,2173.436550166937,0
962.0,4020.025538112456,2113.5119763088974,0
964.0,4087.6735840304195,2064.2556963992292,0
966.0,4114.863259592072,2055.1879617685827,0
968.0,4142.052935153724,2046.1202271379357,0
970.0,4169.242610715377,2037.0524925072891,0
972.0,4271.794088480508,2020.5444742732939,0
974.0,4304.731547103234,2026.5360827796826,0
976.0,4337.669005725959,2032.5276912860713,0
978.0,4356.312311128682,2245.3881511588,0
980.0,4199.406536418151,2344.5663111654103,0
982.0,4213.019180416147,2351.3760196767566,0
984.0,4226.631824414142,2358.185728188103,0
986.0,4289.933111223641,2346.126733180166,0
988.0,4395.953768426678,2314.87043409681,0
990.0,4624.658024151309,2288.2187754290712,0
992.0,4953.712720482893,2294.928602540828,0
994.0,5106.154030141499,2289.1990798510037,0
996.0,5111.713444388407,2137.68779898069,0
998.0,5192.595637715723,2012.0886506455495,0
1000.0,5220.633477808265,2048.3077120421112,0
1002.0,5210.032091601182,2143.692347727921,0
1004.0,4947.245962802852,2300.3066841943687,0
1006.0,4804.00820942008,2261.2783428286502,0
1008.0,4717.398214820971,2236.5203177590975,0
1010.0,4722.562478542504,2231.0837612477153,0
1012.0,4735.704998233193,2227.3268873039483,0
1014.0,4748.847517923881,2223.5700133601817,0
1016.0,4761.99003761457,2219.813139416415,0
1018.0,4775.132557305258,2216.0562654726486,0
1020.0,4788.2750769959475,2212.299391528882,0
1022.0,4801.417596686636,2208.542517585115,0
1024.0,4883.004695397626,2139.82530322234,0
1026.0,4939.276154764934,2072.5233432623395,0
1028.0,4965.610105125333,2036.7374946810426,0
1030.0,4966.3409888770575,2028.6937732170522,0
1032.0,4967.071872628782,2020.6500517530617,0
1034.0,4967.802756380507,2012.6063302890714,0
1036.0,4968.533640132232,2004.562608825081,0
1038.0,4969.264523883956,1996.5188873610907,0
1040.0,4969.995407635681,1988.4751658971004,0
1042.0,4970.726291387406,1980.43144443311,0
1044.0,4971.45717513913,1972.3877229691197,0
1046.0,4971.152276308426,1956.5508692829076,0
1048.0,4967.2624105813,1913.7410566861868,0
1050.0,5002.210049519959,1761.4774815364335,0
1052.0,5037.8766119760685,1648.119101855488,0
1054.0,5035.786471702024,1655.0897026274226,0
1056.0,5033.696331427978,1662.0603033993573,0
1058.0,5031.606191153933,1669.0309041712917,0
1060.0,5029.516050879887,1676.0015049432263,0
1062.0,5027.425910605842,1682.972105715161,0
1064.0,5025.335770331796,1689.9427064870956,0
1066.0,5023.2456300577505,1696.9133072590303,0
1068.0,5021.155489783706,1703.883908030965,0
1070.0,5019.06534950966,1710.8545088028995,0
1072.0,4982.0444264164125,1760.4317804779994,0
1074.0,4778.971946311073,1840.2291019883053,0
1076.0,4746.5423905333955,1845.7176634593563,0
1078.0,4741.474728683101,1846.1401787331422,0
1080.0,4736.407066832807,1846.562694006928,0
1082.0,4731.339404982513,1846.985209280714,0
1084.0,4726.271743132218,1847.4077245544997,0
1086.0,4721.204081281924,1847.8302398282856,0
1088.0,4716.13641943163,1848.2527551020714,0
1090.0,4711.068757581335,1848.6752703758573,0
1092.0,4706.0010957310415,1849.0977856496431,0
1094.0,4700.9334338807475,1849.520300923429,0
1096.0,4695.865772030453,1849.9428161972148,0
1098.0,4690.798110180159,1850.3653314710007,0
1100.0,4685.730448329865,1850.7878467447865,0
1102.0,4680.66278647957,1851.2103620185724,0
1104.0,4675.595124629276,1851.6328772923582,0
1106.0,4670.527462778982,1852.055392566144,0
1108.0,4483.879360145187,1789.5794927869142,0
1110.0,4425.515830736314,1772.2471901786457,0
1112.0,4388.559571136225,1764.0894599808648,0
1114.0,4388.559571136225,1747.332710909518,0
1116.0,4388.559571136225,1730.5759618381712,0
1118.0,4388.559571136225,1713.8192127668246,0
1120.0,4388.659128933529,1696.4590942697025,0
1122.0,4391.071569349448,1665.081764712622,0
1124.0,4393.484009765366,1633.704435155542,0
1126.0,4403.53265346894,1608.4585608574198,0
1128.0,4435.168148284965,1600.5457520621167,0
1130.0,4466.80364310099,1592.6329432668135,0
1132.0,4523.427055592475,1569.193717649937,0
1134.0,4671.786155448011,1518.307011240415,0
1136.0,4851.2597155870135,1457.759644746105,0
1138.0,5170.586515443706,1560.341420190672,0
1140.0,5267.811342091412,1670.5219045425836,0
1142.0,5273.479603789576,1723.5827461009317,0
1144.0,5271.806561010528,1718.5611204766924,0
1146.0,5270.13351823148,1713.5394948524531,0
1148.0,5268.460475452432,1708.5178692282138,0
1150.0,5266.787432673384,1703.4962436039746,0
1152.0,5265.1143898943355,1698.4746179797353,0
1154.0,5263.441347115288,1693.452992355496,0
1156.0,5261.76830433624,1688.4313667312567,0
1158.0,5260.095261557192,1683.4097411070175,0
1160.0,5258.422218778144,1678.3881154827782,0
1162.0,5256.749175999096,1673.366489858539,0
1164.0,5255.076133220048,1668.3448642342996,0
1166.0,5253.403090441,1663.3232386100603,0
1168.0,5251.730047661952,1658.301612985821,0
1170.0,5250.057004882904,1653.2799873615818,0
1172.0,5248.383962103856,1648.2583617373425,0
1174.0,5242.105513695606,1624.5264023162483,0
1176.0,5216.437797950768,1528.0674038914633,0
1178.0,5194.6636132100975,1453.998340746168,0
1180.0,5187.001904629492,1408.2826498499508,0
1182.0,5180.2547645260765,1364.40441824769,0
1184.0,5211.445538339187,1462.2441182453279,0
1186.0,5205.918666880025,1521.007372652954,0
1188.0,5203.402691729156,1514.0849984463307,0
1190.0,5200.886716578286,1507.1626242397074,0
1192.0,5198.370741427416,1500.240250033084,0
1194.0,5195.854766276547,1493.3178758264607,0
1196.0,5193.338791125677,1486.3955016198374,0
1198.0,5190.822815974808,1479.4731274132141,0
1200.0,5188.306840823938,1472.5507532065908,0
1202.0,5185.790865673068,1465.6283789999675,0
1204.0,5183.274890522199,1458.7060047933442,0
1206.0,5180.758915371329,1451.7836305867208,0
1208.0,5213.468042328658,1337.5921152037758,0
1210.0,5225.709945860811,1240.6459090693054,0
1212.0,5221.571328181439,1213.7315094473354,0
1214.0,5217.432710502066,1186.8171098253654,0
1216.0,5212.87976478278,1154.0270526134511,0
1218.0,5172.201076724426,964.029299852815,0
1220.0,4967.516995603023,877.866661472691,0
1222.0,4811.316214769888,845.6413578055015,0
1224.0,4739.420916904135,833.953239280867,0
1226.0,4705.888269941642,827.2433730282244,0
1228.0,4672.355622979148,820.5335067755817,0
1230.0,4602.274613151261,793.2326651190087,0
1232.0,4580.895850004729,787.6780849082256,0
1234.0,4578.096601618066,790.8788176667807,0
1236.0,4575.297353231404,794.0795504253357,0
1238.0,4572.498104844741,797.2802831838907,0
1240.0,4569.698856458077,800.4810159424458,0
1242.0,4566.899608071414,803.6817487010007,0
1244.0,4564.100359684751,806.8824814595557,0
1246.0,4561.3011112980885,810.0832142181107,0
1248.0,4558.501862911425,813.2839469766658,0
1250.0,4555.702614524762,816.4846797352208,0
1252.0,4552.903366138099,819.6854124937757,0
1254.0,4550.104117751435,822.8861452523308,0
1256.0,4547.3048693647725,826.0868780108858,0
1258.0,4544.50562097811,829.2876107694408,0
1260.0,4541.706372591447,832.4883435279958,0
1262.0,4538.907124204783,835.6890762865509,0
1264.0,4536.10787581812,838.8898090451058,0
1266.0,4507.3132390382725,842.4965495648473,0
1268.0,4489.828209037734,844.6832657831175,0
1270.0,4538.510399996154,837.6914987760063,0
1272.0,4556.491604418406,828.696423255299,0
1274.0,4574.472808840658,819.7013477345918,0
1276.0,4597.47193996282,811.4628492545004,0
1278.0,4648.87435030953,807.5068503453724,0
1280.0,4724.215491919586,810.0770199214347,0
1282.0,4900.501672323005,818.2535782844477,0
1284.0,5045.140707432676,809.9294078258481,0
1286.0,5073.936660304356,805.4785573151823,0
1288.0,5078.352560313906,805.9203670309835,0
1290.0,5082.768460323455,806.3621767467846,0
1292.0,5087.1843603330035,806.8039864625857,0
1294.0,5091.600260342553,807.2457961783869,0
1296.0,5096.016160352102,807.687605894188,0
1298.0,5100.432060361651,808.1294156099891,0
1300.0,5104.8479603712,808.5712253257902,0
1302.0,5109.263860380749,809.0130350415914,0
1304.0,5113.679760390298,809.4548447573925,0
1306.0,5118.0956603998475,809.8966544731936,0
1308.0,5122.511560409396,810.3384641889947,0
1310.0,5126.927460418945,810.7802739047959,0
1312.0,5131.343360428495,811.222083620597,0
1314.0,5135.759260438043,811.6638933363981,0
1316.0,5141.168460229217,812.205082452384,0
1318.0,5154.560217514427,813.5449244930692,0
1320.0,5167.9519747996355,814.8847665337544,0
1322.0,5181.343732084844,816.2246085744395,0
1324.0,5194.735489370053,817.5644506151247,0
1326.0,5226.427966963019,808.9234514961225,0
1328.0,5340.881189629205,730.9994981522764,0
1330.0,5340.881189629205,694.1346962273668,0
1332.0,5341.212894026838,673.2140964691079,0
1334.0,5341.806774290261,664.8956359566383,0
1336.0,5342.400654553685,656.5771754441688,0
1338.0,5342.9945348171095,648.2587149316993,0
1340.0,5343.588415080533,639.9402544192297,0
1342.0,5344.182295343957,631.6217939067602,0
1344.0,5344.7761756073805,623.3033333942907,0
1346.0,5345.370055870804,614.984872881821,0
1348.0,5345.963936134229,606.6664123693515,0
1350.0,5346.5578163976525,598.347951856882,0
1352.0,5347.151696661076,590.0294913444125,0
1354.0,5377.654801703679,518.744845103121,0
1356.0,5435.189573254632,388.71111144860276,0
1358.0,5441.935188091765,378.5876547320123,0
1360.0,5448.680802928897,368.4641980154218,0
1362.0,5455.42641776603,358.34074129883135,0
1364.0,5462.172032603163,348.21728458224084,0
1366.0,5468.917647440296,338.0938278656504,0
1368.0,5487.579843441945,328.9492587962706,0
1370.0,5598.581468578465,328.9492587962706,0
1372.0,5613.670300764097,330.99318262795896,0
1374.0,5625.369564627051,333.1213798784717,0
1376.0,5637.068828490005,335.24957712898447,0
1378.0,5648.768092352959,337.3777743794972,0
1380.0,5660.467356215912,339.50597163001,0
1382.0,5672.166620078866,341.63416888052274,0
1384.0,5682.901088656567,344.2828321023365,0
1386.0,5693.126837080211,347.20592818379197,0
1388.0,5703.352585503856,350.12902426524744,0
1390.0,5713.5783339275,353.05212034670296,0
1392.0,5723.804082351146,355.97521642815843,0
1394.0,5734.02983077479,358.8983125096139,0
1396.0,5744.255579198435,361.8214085910694,0
1398.0,5754.481327622079,364.7445046725249,0
1400.0,5764.7070760457245,367.66760075398037,0
1402.0,5784.018990468189,369.2082214668076,0
1404.0,5813.456463620759,369.2082214668076,0
1406.0,5842.893936773329,369.2082214668076,0
1408.0,5876.841709429966,370.23336267380824,0
1410.0,5982.257689893607,410.2735223581586,0
1412.0,6044.407105762977,557.4867958704978,0
1414.0,6060.877966987176,640.7558902655813,0
1416.0,6074.246323567445,709.7840872976172,0
1418.0,6125.238202725467,791.9525377619906,0
1420.0,6117.577989404338,792.5912064861966,0
1422.0,6109.91777608321,793.2298752104026,0
1424.0,6102.257562762081,793.8685439346086,0
1426.0,6094.597349440952,794.5072126588145,0
1428.0,6086.937136119823,795.1458813830205,0
1430.0,6079.276922798694,795.7845501072266,0
1432.0,6071.616709477565,796.4232188314326,0
1434.0,6063.956496156436,797.0618875556386,0
1436.0,6056.296282835307,797.7005562798446,0
1438.0,6048.6360695141775,798.3392250040505,0
1440.0,6014.971183440619,782.2154529163578,0
1442.0,5947.413013613025,748.4239680234106,0
1444.0,5883.137407152454,720.4405990061424,0
1446.0,5866.64130079772,711.0095624018581,0
1448.0,5850.1451944429855,701.578525797574,0
1450.0,5833.649088088251,692.1474891932899,0
1452.0,5817.152981733517,682.7164525890057,0
1454.0,5800.656875378782,673.2854159847215,0
1456.0,5781.708449468671,667.3450293911881,0
1458.0,5762.042425543832,662.4260771830413,0
1460.0,5742.376401618994,657.5071249748945,0
1462.0,5722.710377694156,652.5881727667477,0
1464.0,5701.486731520058,654.3465947512811,0
1466.0,5679.534769451945,659.227235718703,0
1468.0,5657.582807383833,664.1078766861249,0
1470.0,5631.5406452227535,840.1998384590346,0
1472.0,5649.378712591269,850.3980914700471,0
1474.0,5667.216779959784,860.5963444810598,0
1476.0,5787.416586621965,852.3157735132517,0
1478.0,6038.812687287784,879.4976344137425,0
1480.0,6152.453869476127,973.8423046963052,0
1482.0,6224.067701636212,990.6403281873372,0
1484.0,6343.470391400409,971.1605973780954,0
1486.0,6368.646501563093,905.6701421256188,0
1488.0,6371.499641288718,870.7533834191206,0
1490.0,6368.773468397083,843.4780903220565,0
1492.0,6366.974201104036,786.0601588611939,0
1494.0,6379.841390783995,654.0243034848166,0
1496.0,6380.388080962281,443.0158698143513,0
1498.0,6401.302408641847,432.55350297146555,0
1500.0,6422.216736321415,422.0911361285799,0
1502.0,6443.1310640009815,411.62876928569415,0
1504.0,6463.861503492306,402.9879669858211,0
1506.0,6483.56655360714,404.5044942504533,0
1508.0,6503.271603721974,406.02102151508547,0
1510.0,6522.976653836808,407.53754877971767,0
1512.0,6542.681703951642,409.0540760443498,0
1514.0,6577.9052633200545,461.7408737529281,0
1516.0,6607.234633249772,511.3133719300148,0
1518.0,6620.406535983002,530.1397383091194,0
1520.0,6633.578438716232,548.9661046882238,0
1522.0,6646.750341449462,567.7924710673283,0
1524.0,6493.692879351914,816.4692056447841,0
1526.0,6351.243161832065,1023.318940196246,0
1528.0,6403.660993457537,1170.9662269540154,0
1530.0,6505.113610722608,1192.4417099168509,0
1532.0,6604.627609759304,1187.4411659592633,0
1534.0,6654.242120633025,1181.2825878210429,0
1536.0,6652.072661752356,1181.6443442049576,0
1538.0,6649.903202871687,1182.0061005888726,0
1540.0,6647.733743991018,1182.3678569727874,0
1542.0,6645.564285110349,1182.7296133567024,0
1544.0,6643.394826229681,1183.0913697406172,0
1546.0,6641.225367349012,1183.4531261245322,0
1548.0,6639.055908468343,1183.814882508447,0
1550.0,6636.886449587674,1184.176638892362,0
1552.0,6634.716990707006,1184.5383952762768,0
1554.0,6632.547531826336,1184.9001516601918,0
1556.0,6630.378072945668,1185.2619080441066,0
1558.0,6628.208614064999,1185.6236644280216,0
1560.0,6626.03915518433,1185.9854208119364,0
1562.0,6623.869696303661,1186.3471771958514,0
1564.0,6621.700237422992,1186.7089335797662,0
1566.0,6619.530778542324,1187.0706899636812,0
1568.0,6617.361319661654,1187.432446347596,0
1570.0,6615.191860780986,1187.794202731511,0
1572.0,6613.022401900317,1188.1559591154257,0
1574.0,6610.852943019649,1188.5177154993407,0
1576.0,6608.683484138979,1188.8794718832555,0
1578.0,6606.5140252583105,1189.2412282671705,0
1580.0,6604.344566377642,1189.6029846510853,0
1582.0,6602.175107496973,1189.9647410350003,0
1584.0,6600.005648616304,1190.326497418915,0
1586.0,6597.836189735635,1190.6882538028299,0
1588.0,6595.666730854967,1191.0500101867449,0
1590.0,6593.497271974297,1191.4117665706597,0
1592.0,6591.327813093629,1191.7735229545747,0
1594.0,6589.15835421296,1192.1352793384895,0
1596.0,6586.988895332292,1192.4970357224045,0
1598.0,6584.819436451622,1192.8587921063192,0
1600.0,6582.6499775709535,1193.2205484902343,0
1602.0,6580.480518690285,1193.582304874149,0
1604.0,6578.3110598096155,1193.944061258064,0
1606.0,6576.141600928947,1194.3058176419788,0
1608.0,6526.837677048361,1190.81990822687,0
1610.0,6416.591729901854,1223.3744650094065,0
1612.0,6309.642930174718,1284.7591633017848,0
1614.0,6251.882728361198,1317.0966376562033,0
1616.0,6249.472867842144,1321.1150702472996,0
1618.0,6247.06300732309,1325.133502838396,0
1620.0,6244.653146804036,1329.1519354294921,0
1622.0,6242.243286284981,1333.1703680205885,0
1624.0,6239.833425765927,1337.1888006116849,0
1626.0,6237.423565246873,1341.207233202781,0
1628.0,6235.013704727819,1345.2256657938774,0
1630.0,6232.603844208765,1349.2440983849738,0
1632.0,6230.19398368971,1353.2625309760701,0
1634.0,6227.784123170656,1357.2809635671663,0
1636.0,6225.374262651602,1361.2993961582627,0
1638.0,6222.964402132548,1365.317828749359,0
1640.0,6220.554541613494,1369.3362613404552,0
1642.0,6218.14468109444,1373.3546939315515,0
1644.0,6215.734820575385,1377.373126522648,0
1646.0,6213.324960056331,1381.3915591137443,0
1648.0,6210.915099537277,1385.4099917048404,0
1650.0,6208.505239018223,1389.4284242959368,0
1652.0,6206.095378499169,1393.4468568870332,0
1654.0,6203.685517980114,1397.4652894781293,0
1656.0,6201.27565746106,1401.4837220692257,0
1658.0,6198.8657969420055,1405.502154660322,0
1660.0,6196.455936422952,1409.5205872514184,0
1662.0,6194.046075903898,1413.5390198425146,0
1664.0,6197.137220226036,1504.0744977445083,0
1666.0,6137.412706838945,1690.0016364649548,0
1668.0,6106.14564534646,1737.2880269405466,0
1670.0,6108.905256234002,1734.5270429977252,0
1672.0,6111.664867121545,1731.766059054904,0
1674.0,6114.424478009088,1729.0050751120827,0
1676.0,6117.184088896631,1726.2440911692615,0
1678.0,6119.943699784173,1723.48310722644,0
1680.0,6122.703310671716,1720.7221232836189,0
1682.0,6125.462921559259,1717.9611393407977,0
1684.0,6128.222532446802,1715.2001553979765,0
1686.0,6130.982143334344,1712.439171455155,0
1688.0,6133.741754221887,1709.6781875123338,0
1690.0,6136.50136510943,1706.9172035695126,0
1692.0,6157.431583609067,1669.5434640023254,0
1694.0,6246.402367547865,1487.6004360934153,0
1696.0,6281.845342713042,1372.3534537324329,0
1698.0,6288.959760456132,1340.729774073633,0
1700.0,6283.125311376284,1348.026464114875,0
1702.0,6277.290862296437,1355.3231541561165,0
1704.0,6271.456413216589,1362.6198441973581,0
1706.0,6265.621964136742,1369.9165342385998,0
1708.0,6259.787515056893,1377.2132242798414,0
1710.0,6253.953065977045,1384.5099143210832,0
1712.0,6248.118616897198,1391.8066043623248,0
1714.0,6242.28416781735,1399.1032944035665,0
1716.0,6214.439685791797,1551.242889953944,0
1718.0,6084.035571453871,1746.2241839016071,0
1720.0,6006.588465851628,1772.8737923878796,0
1722.0,5972.571922640044,1775.3047544076503,0
1724.0,5938.555379428461,1777.7357164274213,0
1726.0,5775.470150198826,1796.5419987354946,0
1728.0,5599.559068758839,1785.2555388389057,0
1730.0,5568.537135520882,1784.981742047359,0
1732.0,5540.890573120926,1784.981742047359,0
1734.0,5513.2440107209695,1784.981742047359,0
1736.0,5441.969896383686,1806.7624136266384,0
1738.0,5307.494800886811,1812.506646734262,0
1740.0,5304.735074177553,1810.5925917214001,0
1742.0,5309.018614265949,1809.3068903072028,0
1744.0,5313.3021543543455,1808.0211888930053,0
1746.0,5317.585694442741,1806.735487478808,0
1748.0,5321.869234531138,1805.4497860646104,0
1750.0,5326.152774619535,1804.164084650413,0
1752.0,5330.436314707931,1802.8783832362155,0
1754.0,5334.719854796328,1801.5926818220182,0
1756.0,5339.003394884724,1800.3069804078207,0
1758.0,5343.286934973121,1799.0212789936234,0
1760.0,5347.570475061518,1797.7355775794258,0
1762.0,5351.854015149914,1796.4498761652285,0
1764.0,5356.137555238311,1795.164174751031,0
1766.0,5360.421095326707,1793.8784733368336,0
1768.0,5364.704635415103,1792.592771922636,0
1770.0,5450.445586104307,1786.517844020017,0
1772.0,5779.273325044325,1778.271914935603,0
1774.0,5950.1346738099555,1785.0615610101013,0
1776.0,5946.472974750735,1785.3433703141031,0
1778.0,5942.811275691515,1785.625179618105,0
1780.0,5939.149576632295,1785.906988922107,0
1782.0,5935.487877573075,1786.188798226109,0
1784.0,5931.826178513856,1786.470607530111,0
1786.0,5928.1644794546355,1786.7524168341129,0
1788.0,5924.502780395415,1787.034226138115,0
1790.0,5920.841081336195,1787.3160354421168,0
1792.0,5917.179382276975,1787.5978447461189,0
1794.0,5913.517683217755,1787.8796540501207,0
1796.0,5909.855984158535,1788.1614633541228,0
1798.0,5906.194285099315,1788.4432726581247,0
1800.0,5902.532586040094,1788.7250819621268,0
1802.0,5898.870886980874,1789.0068912661286,0
1804.0,5895.209187921654,1789.2887005701305,0
1806.0,5891.547488862434,1789.5705098741325,0
1808.0,5887.885789803214,1789.8523191781344,0
1810.0,5884.224090743994,1790.1341284821365,0
1812.0,5880.5623916847735,1790.4159377861383,0
1814.0,5876.900692625554,1790.6977470901404,0
1816.0,5873.238993566334,1790.9795563941423,0
1818.0,5869.577294507114,1791.2613656981443,0
1820.0,5865.915595447894,1791.5431750021462,0
1822.0,5805.2054097415175,1783.2899594079627,0
1824.0,5654.636850683066,1750.3450293643175,0
1826.0,5577.133419201284,1679.6004458152245,0
1828.0,5607.088712877254,1524.1167225146155,0
1830.0,5610.554834681259,1503.8560176717976,0
1832.0,5612.063730128439,1490.269201835266,0
1834.0,5613.572625575618,1476.6823859987342,0
1836.0,5615.081521022798,1463.0955701622022,0
1838.0,5615.545597762757,1460.1241737302703,0
1840.0,5614.933018829467,1468.091662146865,0
1842.0,5614.320439896178,1476.0591505634598,0
1844.0,5613.707860962888,1484.0266389800543,0
1846.0,5613.095282029598,1491.994127396649,0
1848.0,5612.482703096308,1499.9616158132437,0
1850.0,5611.870124163019,1507.9291042298382,0
1852.0,5611.257545229729,1515.896592646433,0
1854.0,5610.644966296439,1523.8640810630277,0
1856.0,5610.032387363149,1531.8315694796222,0
1858.0,5609.41980842986,1539.799057896217,0
1860.0,5609.670432975055,1549.2568222825996,0
1862.0,5610.643064700179,1559.9610945632176,0
1864.0,5611.615696425303,1570.6653668438357,0
1866.0,5612.5883281504275,1581.3696391244537,0
1868.0,5613.560959875553,1592.0739114050718,0
1870.0,5614.533591600677,1602.7781836856898,0
1872.0,5615.506223325801,1613.482455966308,0
1874.0,5615.847290743376,1642.890863743093,0
1876.0,5615.847290743376,1682.4001767094073,0
1878.0,5626.080074028754,1701.2820371298235,0
1880.0,5639.1785982987585,1714.3870786222276,0
1882.0,5652.277122568764,1727.4921201146317,0
1884.0,5697.363331436631,1750.9833808419792,0
1886.0,5855.0770419021455,1778.9316007629595,0
1888.0,6096.830761993449,1824.4329480434635,0
1890.0,6221.822617968402,1964.9230580583908,0
1892.0,6330.145305078202,2125.1533340826213,0
1894.0,6372.376943042854,2166.137490400078,0
1896.0,6410.025900775999,2232.4847291201268,0
1898.0,6431.332156623694,2267.381766584635,0
1900.0,6450.8273192236165,2296.639060327054,0
1902.0,6458.664781165113,2294.8757567257294,0
1904.0,6464.099681779582,2286.719349569678,0
1906.0,6469.534582394052,2278.562942413627,0
1908.0,6474.969483008522,2270.4065352575753,0
1910.0,6480.404383622992,2262.250128101524,0
1912.0,6485.839284237462,2254.0937209454723,0
1914.0,6491.274184851932,2245.9373137894213,0
1916.0,6524.563535147973,2165.797415358989,0
1918.0,6582.8360582995265,2047.389566675157,0
1920.0,6642.789961185494,1942.0505447100404,0
1922.0,6653.771368885744,1890.7784775095975,0
1924.0,6668.266211745329,1835.0038145970707,0
1926.0,6690.103828543514,1768.522310971982,0
1928.0,6694.780352459867,1719.3135048408092,0
1930.0,6689.8669442016235,1687.360460705485,0
1932.0,6684.95353594338,1655.4074165701604,0
1934.0,6681.578996299335,1630.7595373791614,0
1936.0,6680.200267410255,1615.5859736873413,0
1938.0,6678.821538521176,1600.4124099955213,0
1940.0,6677.442809632096,1585.2388463037012,0
1942.0,6676.064080743017,1570.0652826118812,0
1944.0,6679.397973413908,1516.4313731723098,0
1946.0,6648.12372403557,1385.0831700549434,0
1948.0,6330.733268352583,1097.4921893252358,0
1950.0,6321.834281420268,937.9939652679811,1
1952.0,6311.36795528558,886.7088480899629,1
1954.0,6301.1956962568875,856.1768872611141,1
1956.0,6293.202808122185,805.657738994578,1
1958.0,6291.703695644093,755.1285008192624,1
1960.0,6289.278602622156,749.8715182734408,1
1962.0,6286.853509600218,744.6145357276191,1
1964.0,6284.42841657828,739.3575531817975,1
1966.0,6282.003323556343,734.1005706359758,1
1968.0,6279.5782305344055,728.8435880901542,1
1970.0,6277.153137512468,723.5866055443327,1
1972.0,6274.72804449053,718.329622998511,1
1974.0,6272.302951468593,713.0726404526894,1
1976.0,6269.877858446655,707.8156579068677,1
1978.0,6267.452765424718,702.5586753610461,1
1980.0,6265.02767240278,697.3016928152244,1
1982.0,6262.602579380843,692.0447102694029,1
1984.0,6260.177486358905,686.7877277235813,1
1986.0,6257.7523933369675,681.5307451777596,1
1988.0,6255.32730031503,676.273762631938,1
1990.0,6251.954944246805,669.6363051325952,1
1992.0,6212.273433601323,610.0844236262354,1
1994.0,6191.010831136769,577.5814193174369,1
1996.0,6178.682970060063,558.1994274062152,1
1998.0,6166.355108983355,538.8174354949934,1
2000.0,6154.027247906649,519.4354435837716,1
2002.0,6150.126167374947,516.8244179254433,1
2004.0,6147.53702915404,516.8244179254433,1
2006.0,6144.947890933135,516.8244179254433,1
2008.0,6142.358752712228,516.8244179254433,1
2010.0,6139.7696144913225,516.8244179254433,1
2012.0,6137.180476270417,516.8244179254433,1
2014.0,6134.59133804951,516.8244179254433,1
2016.0,6132.002199828605,516.8244179254433,1
2018.0,6129.413061607698,516.8244179254433,1
2020.0,6126.823923386793,516.8244179254433,1
2022.0,6124.234785165887,516.8244179254433,1
2024.0,6121.64564694498,516.8244179254433,1
2026.0,6119.056508724075,516.8244179254433,1
2028.0,6116.467370503169,516.8244179254433,1
2030.0,6113.878232282263,516.8244179254433,1
2032.0,6111.289094061357,516.8244179254433,1
2034.0,6108.6999558404505,516.8244179254433,1
2036.0,6106.110817619545,516.8244179254433,1
2038.0,6103.521679398639,516.8244179254433,1
2040.0,6100.932541177733,516.8244179254433,1
2042.0,6098.343402956827,516.8244179254433,1
2044.0,6095.754264735921,516.8244179254433,1
2046.0,6093.165126515015,516.8244179254433,1
2048.0,6090.575988294109,516.8244179254433,1
2050.0,6087.986850073203,516.8244179254433,1
2052.0,6085.397711852297,516.8244179254433,1
2054.0,6082.8085736313915,516.8244179254433,1
2056.0,6080.219435410485,516.8244179254433,1
2058.0,6077.630297189579,516.8244179254433,1
2060.0,6075.041158968673,516.8244179254433,1
2062.0,6072.452020747767,516.8244179254433,1
2064.0,6069.8628825268615,516.8244179254433,1
2066.0,6067.273744305955,516.8244179254433,1
2068.0,6064.684606085049,516.8244179254433,1
2070.0,6062.095467864144,516.8244179254433,1
2072.0,6059.506329643237,516.8244179254433,1
2074.0,6056.917191422332,516.8244179254433,1
2076.0,6054.328053201425,516.8244179254433,1
2078.0,6051.738914980519,516.8244179254433,1
2080.0,6049.149776759614,516.8244179254433,1
2082.0,6046.560638538707,516.8244179254433,1
2084.0,6043.971500317802,516.8244179254433,1
2086.0,6041.382362096896,516.8244179254433,1
2088.0,6038.7932238759895,516.8244179254433,1
2090.0,6036.204085655084,516.8244179254433,1
2092.0,6033.614947434177,516.8244179254433,1
2094.0,6031.025809213272,516.8244179254433,1
2096.0,6028.436670992366,516.8244179254433,1
2098.0,6025.84753277146,516.8244179254433,1
2100.0,6024.574302010865,517.8086280948379,1
2102.0,6024.007398347723,519.32112337029,1
2104.0,6023.440494684582,520.8336186457423,1
2106.0,6022.87359102144,522.3461139211944,1
2108.0,6022.306687358298,523.8586091966466,1
2110.0,6021.739783695157,525.3711044720988,1
2112.0,6021.172880032015,526.883599747551,1
2114.0,6020.605976368874,528.3960950230031,1
2116.0,6020.039072705732,529.9085902984554,1
2118.0,6019.47216904259,531.4210855739075,1
2120.0,6018.905265379449,532.9335808493597,1
2122.0,6018.338361716307,534.4460761248118,1
2124.0,6017.771458053166,535.9585714002641,1
2126.0,6017.204554390024,537.4710666757162,1
2128.0,6016.637650726882,538.9835619511684,1
2130.0,6016.070747063741,540.4960572266206,1
2132.0,6015.503843400599,542.0085525020728,1
2134.0,6014.936939737458,543.5210477775249,1
2136.0,6014.370036074316,545.033543052977,1
2138.0,6013.803132411174,546.5460383284293,1
2140.0,6013.236228748033,548.0585336038814,1
2142.0,6012.669325084891,549.5710288793337,1
2144.0,6012.10242142175,551.0835241547858,1
2146.0,6011.535517758608,552.596019430238,1
2148.0,6010.968614095466,554.1085147056901,1
2150.0,6010.401710432325,555.6210099811424,1
2152.0,6009.834806769183,557.1335052565945,1
2154.0,6009.267903106042,558.6460005320467,1
2156.0,6008.7009994429,560.1584958074989,1
2158.0,6008.134095779758,561.6709910829511,1
2160.0,6007.567192116617,563.1834863584032,1
2162.0,6007.000288453475,564.6959816338555,1
2164.0,6006.433384790334,566.2084769093076,1
2166.0,6005.866481127192,567.7209721847598,1
2168.0,6005.299577464049,569.233467460212,1
2170.0,6019.334242415667,590.8278648194205,1
2172.0,6117.492959389062,764.4161542486138,1
2174.0,6098.043501382892,820.7797061070322,1
2176.0,6081.7527256960675,825.2248555324423,1
2178.0,6065.461950009243,829.6700049578524,1
2180.0,6049.171174322419,834.1151543832625,1
2182.0,6032.880398635594,838.5603038086725,1
2184.0,6016.37673264582,861.8169503246675,1
2186.0,6003.982903666581,880.1165004219661,1
2188.0,6001.186783147746,883.3136566958232,1
2190.0,5998.39066262891,886.5108129696804,1
2192.0,5995.594542110074,889.7079692435375,1
2194.0,5992.798421591239,892.9051255173946,1
2196.0,5990.0023010724035,896.1022817912518,1
2198.0,5987.206180553569,899.2994380651089,1
2200.0,5984.410060034733,902.496594338966,1
2202.0,5981.613939515897,905.6937506128232,1
2204.0,5978.817818997062,908.8909068866803,1
2206.0,5976.021698478226,912.0880631605374,1
2208.0,5973.225577959391,915.2852194343947,1
2210.0,5970.429457440556,918.4823757082518,1
2212.0,5967.63333692172,921.679531982109,1
2214.0,5964.837216402885,924.8766882559661,1
2216.0,5962.041095884049,928.0738445298232,1
2218.0,5959.244975365214,931.2710008036804,1
2220.0,5877.6034992034165,957.545925440747,1
2222.0,5744.750867362029,973.0926615248628,1
2224.0,5649.094282322872,979.8381888625598,1
2226.0,5592.839559108456,984.9361169007852,1
2228.0,5586.139299469728,981.2796114211501,1
2230.0,5579.439039831001,977.6231059415151,1
2232.0,5572.738780192273,973.9666004618799,1
2234.0,5566.038520553545,970.3100949822449,1
2236.0,5559.3382609148175,966.6535895026099,1
2238.0,5552.638001276089,962.9970840229747,1
2240.0,5545.937741637362,959.3405785433397,1
2242.0,5539.2374819986335,955.6840730637045,1
2244.0,5532.537222359906,952.0275675840695,1
2246.0,5525.836962721179,948.3710621044345,1
2248.0,5518.646687218567,948.0595638980814,1
2250.0,5510.782046359789,952.3515024118168,1
2252.0,5502.917405501012,956.6434409255521,1
2254.0,5495.052764642234,960.9353794392874,1
2256.0,5487.188123783456,965.2273179530229,1
2258.0,5479.3234829246785,969.5192564667582,1
2260.0,5471.458842065901,973.8111949804935,1
2262.0,5463.594201207123,978.1031334942289,1
2264.0,5455.729560348345,982.3950720079642,1
2266.0,5447.669146719589,986.5811349388533,1
2268.0,5434.994718622067,988.2718995134131,1
2270.0,5422.320290524545,989.9626640879729,1
2272.0,5409.645862427023,991.6534286625327,1
2274.0,5396.971434329501,993.3441932370926,1
2276.0,5384.297006231979,995.0349578116524,1
2278.0,5371.6225781344565,996.7257223862122,1
2280.0,5358.948150036935,998.416486960772,1
2282.0,5346.9306997196245,999.8881495009713,1
2284.0,5340.593474093518,999.4654575851243,1
2286.0,5334.256248467412,999.0427656692773,1
2288.0,5327.919022841305,998.6200737534303,1
2290.0,5321.581797215199,998.1973818375833,1
2292.0,5315.244571589093,997.7746899217364,1
2294.0,5308.907345962986,997.3519980058894,1
2296.0,5302.57012033688,996.9293060900424,1
2298.0,5296.2328947107735,996.5066141741954,1
2300.0,5289.895669084667,996.0839222583484,1
2302.0,5283.558443458561,995.6612303425014,1
2304.0,5277.221217832454,995.2385384266544,1
2306.0,5270.883992206348,994.8158465108074,1
2308.0,5264.546766580243,994.3931545949604,1
2310.0,5258.209540954136,993.9704626791134,1
2312.0,5251.87231532803,993.5477707632665,1
2314.0,5228.406174166189,978.3474242314311,1
2316.0,5164.76160764742,935.750685893054,1
2318.0,5126.942173758836,926.2911231187937,1
2320.0,5085.3365129336335,931.5152285741405,1
2322.0,5016.289401481971,981.411441860839,1
2324.0,4967.2657920738175,1001.447007842435,1
2326.0,4940.901142059033,1003.6451551632982,1
2328.0,4914.53649204425,1005.8433024841614,1
2330.0,4897.276906937451,985.5046439926329,1
2332.0,4885.211714015154,952.3088549744579,1
2334.0,4876.285240068381,933.1418722537102,1
2336.0,4871.813884374519,933.8874689927967,1
2338.0,4867.342528680656,934.6330657318832,1
2340.0,4862.871172986794,935.3786624709699,1
2342.0,4858.3998172929305,936.1242592100564,1
2344.0,4853.928461599067,936.8698559491429,1
2346.0,4849.457105905205,937.6154526882295,1
2348.0,4844.985750211342,938.3610494273161,1
2350.0,4840.51439451748,939.1066461664026,1
2352.0,4836.043038823616,939.8522429054892,1
2354.0,4831.571683129754,940.5978396445757,1
2356.0,4827.100327435891,941.3434363836623,1
2358.0,4822.628971742029,942.0890331227489,1
2360.0,4818.157616048165,942.8346298618354,1
2362.0,4813.686260354303,943.580226600922,1
2364.0,4809.21490466044,944.3258233400086,1
2366.0,4804.743548966577,945.0714200790951,1
2368.0,4800.2721932727145,945.8170168181816,1
2370.0,4725.861007434205,969.6519052284473,1
2372.0,4498.748656722603,999.9319699718872,1
2374.0,4425.654952099073,960.8682912892459,1
2376.0,4400.940622545827,933.3488705283081,1
2378.0,4399.171498566544,922.7288452449436,1
2380.0,4397.402374587262,912.1088199615791,1
2382.0,4395.63325060798,901.4887946782146,1
2384.0,4393.864126628697,890.8687693948501,1
2386.0,4392.095002649415,880.2487441114856,1
2388.0,4390.325878670133,869.6287188281211,1
2390.0,4388.558373344559,859.0166127177715,1
2392.0,4387.805991645105,853.3709423432553,1
2394.0,4387.053609945651,847.725271968739,1
2396.0,4386.301228246197,842.0796015942226,1
2398.0,4385.548846546742,836.4339312197063,1
2400.0,4384.796464847288,830.78826084519,1
2402.0,4384.0440831478345,825.1425904706738,1
2404.0,4383.29170144838,819.4969200961574,1
2406.0,4382.539319748926,813.8512497216411,1
2408.0,4381.786938049471,808.2055793471249,1
2410.0,4381.034556350017,802.5599089726086,1
2412.0,4380.282174650563,796.9142385980922,1
2414.0,4379.529792951109,791.2685682235759,1
2416.0,4378.7774112516545,785.6228978490597,1
2418.0,4378.0250295522,779.9772274745433,1
2420.0,4377.272647852747,774.331557100027,1
2422.0,4376.520266153292,768.6858867255107,1
2424.0,4375.767884453838,763.0402163509945,1
2426.0,4370.314302060093,719.7006510831269,1
2428.0,4348.320629509761,555.0269250405572,1
2430.0,4362.977472727162,442.3491384173179,1
2432.0,4408.868674628236,341.9894589572519,1
2434.0,4426.2150807242915,304.69466778444104,1
2436.0,4422.603098949798,308.3084467147086,1
2438.0,4418.991117175305,311.9222256449762,1
2440.0,4415.379135400812,315.53600457524374,1
2442.0,4411.767153626319,319.1497835055113,1
2444.0,4408.155171851825,322.7635624357789,1
2446.0,4404.543190077332,326.3773413660465,1
2448.0,4400.931208302839,329.9911202963141,1
2450.0,4397.319226528346,333.6048992265816,1
2452.0,4393.707244753852,337.2186781568492,1
2454.0,4390.095262979359,340.8324570871168,1
2456.0,4386.483281204866,344.44623601738436,1
2458.0,4382.871299430373,348.0600149476519,1
2460.0,4379.259317655879,351.6737938779195,1
2462.0,4375.647335881386,355.28757280818706,1
2464.0,4372.0353541068935,358.90135173845465,1
2466.0,4368.4233723324005,362.5151306687222,1
2468.0,4364.811390557907,366.12890959898976,1
2470.0,4353.20661467501,370.75935565173086,1
2472.0,4295.551656312735,381.24729107248527,1
2474.0,4209.707870044311,366.96921913338343,1
2476.0,4103.317310149853,344.47924341675474,1
2478.0,4027.6161109515897,332.5721038212927,1
2480.0,4034.0135840782305,351.7740724651567,1
2482.0,4046.7416653317296,378.4389296800938,1
2484.0,4116.905266079512,514.2356607813772,1
2486.0,4225.5858757121405,712.7753088414914,1
2488.0,4155.1967031675595,812.9824934225163,1
2490.0,4022.9992308817627,899.3007486248282,1
2492.0,3865.0023250697673,939.6187308530327,1
2494.0,3828.557482853444,945.6958934349117,1
2496.0,3792.1126406371204,951.7730560167905,1
2498.0,3605.8525703561936,993.2221428601312,1
2500.0,3451.544303028911,991.919630757408,1
2502.0,3406.9284754162104,988.7312003007183,1
2504.0,3372.4505255713557,986.0548863147825,1
2506.0,3361.173932435634,984.5505924682357,1
2508.0,3349.897339299913,983.046298621689,1
2510.0,3338.6207461641916,981.5420047751421,1
2512.0,3327.3441530284704,980.0377109285954,1
2514.0,3316.067559892749,978.5334170820486,1
2516.0,3304.790966757028,977.0291232355019,1
2518.0,3293.5143736213067,975.524829388955,1
2520.0,3282.237780485585,974.0205355424083,1
2522.0,3218.689192410433,973.0926615248628,1
2524.0,3119.705097497688,977.8401166840185,1
2526.0,2900.0452378506106,1045.5940823608032,1
2528.0,2872.8927698727493,1222.674768426286,1
2530.0,2872.8927698727493,1255.764094707069,1
2532.0,2872.638306463154,1283.144953769421,1
2534.0,2871.453841203487,1289.6627540420716,1
2536.0,2870.2693759438203,1296.1805543147223,1
2538.0,2869.0849106841533,1302.698354587373,1
2540.0,2867.9004454244864,1309.2161548600234,1
2542.0,2866.7159801648195,1315.733955132674,1
2544.0,2865.5315149051526,1322.2517554053247,1
2546.0,2864.3470496454856,1328.7695556779754,1
2548.0,2863.1625843858187,1335.287355950626,1
2550.0,2861.978119126152,1341.8051562232765,1
2552.0,2860.793653866485,1348.3229564959272,1
2554.0,2859.609188606818,1354.8407567685779,1
2556.0,2864.543274454317,1378.3498270581647,1
2558.0,2870.2277741121593,1403.9428030719425,1
2560.0,2911.6376414693127,1476.67736248667,1
2562.0,2942.123909958322,1478.710791623477,1
2564.0,2972.610178447332,1480.7442207602842,1
2566.0,3003.0964469363416,1482.7776498970914,1
2568.0,3062.3040278606763,1483.0395220183314,1
2570.0,3184.9108829206393,1496.4591762418438,1
2572.0,3314.1395896987096,1496.4591762418438,1
2574.0,3410.224939193759,1503.3045620402872,1
2576.0,3610.2098842012474,1498.7619541002823,1
2578.0,3831.078597997601,1508.8718268878872,1
2580.0,4055.628406320263,1496.6433715924595,1
2582.0,4305.953412690543,1503.1690033535997,1
2584.0,4586.115063208411,1503.1690033535997,1
2586.0,4876.109422275226,1506.4030107378796,1
2588.0,5143.211050189047,1503.1690033535997,1
2590.0,5358.320577304026,1496.6654390591011,1
2592.0,5424.658227466065,1509.1970242612656,1
2594.0,5471.191482032766,1657.405612499212,1
2596.0,5464.420148070122,1734.00509045891,1
2598.0,5471.4813074304075,1757.5539993521377,1
2600.0,5478.542466790694,1781.1029082453651,1
2602.0,5555.48887830368,1826.2012840050663,1
2604.0,5558.865005708089,1920.9587625035706,1
2606.0,5568.811115513029,1965.738525893488,1
2608.0,5568.548403158363,1966.6614472294937,1
2610.0,5568.191693025998,1967.180556487527,1
2612.0,5567.8349828936325,1967.6996657455604,1
2614.0,5567.478272761267,1968.2187750035937,1
2616.0,5567.121562628902,1968.737884261627,1
2618.0,5566.764852496537,1969.2569935196602,1
2620.0,5566.408142364172,1969.7761027776937,1
2622.0,5566.051432231808,1970.295212035727,1
2624.0,5565.6947220994425,1970.8143212937603,1
2626.0,5565.338011967077,1971.3334305517935,1
2628.0,5564.981301834712,1971.852539809827,1
2630.0,5564.624591702347,1972.3716490678603,1
2632.0,5564.267881569982,1972.8907583258936,1
2634.0,5563.911171437618,1973.409867583927,1
2636.0,5563.5544613052525,1973.9289768419603,1
2638.0,5563.197751172887,1974.4480860999936,1
2640.0,5562.841041040522,1974.9671953580269,1
2642.0,5562.484330908157,1975.4863046160604,1
2644.0,5562.127620775792,1976.0054138740936,1
2646.0,5561.770910643428,1976.524523132127,1
2648.0,5561.4142005110625,1977.0436323901602,1
2650.0,5561.057490378697,1977.5627416481937,1
2652.0,5560.700780246332,1978.081850906227,1
2654.0,5560.344070113967,1978.6009601642602,1
2656.0,5559.987359981602,1979.1200694222937,1
2658.0,5559.630649849237,1979.639178680327,1
2660.0,5559.2739397168725,1980.1582879383602,1
2662.0,5558.917229584507,1980.6773971963935,1
2664.0,5558.560519452142,1981.196506454427,1
2666.0,5558.203809319777,1981.7156157124602,1
2668.0,5557.847099187412,1982.2347249704935,1
2670.0,5557.490389055047,1982.7538342285268,1
2672.0,5557.1336789226825,1983.2729434865603,1
2674.0,5556.776968790317,1983.7920527445935,1
2676.0,5556.420258657952,1984.3111620026268,1
2678.0,5556.063548525587,1984.8302712606603,1
2680.0,5555.706838393222,1985.3493805186936,1
2682.0,5555.350128260857,1985.8684897767268,1
2684.0,5554.993418128492,1986.3875990347601,1
2686.0,5554.636707996127,1986.9067082927936,1
2688.0,5554.279997863762,1987.4258175508269,1
2690.0,5553.923287731397,1987.9449268088601,1
2692.0,5553.566577599032,1988.4640360668934,1
2694.0,5553.209867466667,1988.983145324927,1
2696.0,5552.853157334302,1989.5022545829602,1
2698.0,5552.496447201937,1990.0213638409934,1
2700.0,5552.139737069572,1990.540473099027,1
2702.0,5551.783026937207,1991.0595823570602,1
2704.0,5551.426316804842,1991.5786916150935,1
2706.0,5551.069606672477,1992.0978008731267,1
2708.0,5550.712896540112,1992.6169101311602,1
2710.0,5550.3561864077465,1993.1360193891935,1
2712.0,5549.999476275382,1993.6551286472268,1
2714.0,5549.642766143017,1994.17423790526,1
2716.0,5549.286056010652,1994.6933471632935,1
2718.0,5548.929345878287,1995.2124564213268,1
2720.0,5548.572635745922,1995.73156567936,1
2722.0,5548.2159256135565,1996.2506749373936,1
2724.0,5547.859215481192,1996.7697841954268,1
2726.0,5547.502505348827,1997.28889345346,1
2728.0,5547.145795216462,1997.8080027114934,1
2730.0,5546.789085084097,1998.3271119695269,1
2732.0,5546.432374951732,1998.8462212275601,1
2734.0,5546.0756648193665,1999.3653304855934,1
2736.0,5545.718954687001,1999.8844397436267,1
2738.0,5545.362244554637,2000.4035490016602,1
2740.0,5545.005534422272,2000.9226582596934,1
2742.0,5544.648824289907,2001.4417675177267,1
2744.0,5544.292114157542,2001.9608767757602,1
2746.0,5543.9354040251765,2002.4799860337935,1
2748.0,5543.578693892811,2002.9990952918267,1
2750.0,5543.221983760447,2003.51820454986,1
2752.0,5542.865273628082,2004.0373138078935,1
2754.0,5542.508563495717,2004.5564230659268,1
2756.0,5542.151853363352,2005.07553232396,1
2758.0,5541.7951432309865,2005.5946415819933,1
2760.0,5541.438433098621,2006.1137508400268,1
2762.0,5541.081722966257,2006.63286009806,1
2764.0,5540.725012833892,2007.1519693560933,1
2766.0,5540.368302701527,2007.6710786141266,1
2768.0,5540.011592569162,2008.19018787216,1
2770.0,5539.6548824367965,2008.7092971301934,1
2772.0,5539.298172304431,2009.2284063882266,1
2774.0,5538.941462172066,2009.7475156462601,1
2776.0,5538.584752039702,2010.2666249042934,1
2778.0,5538.228041907337,2010.7857341623267,1
2780.0,5537.871331774972,2011.30484342036,1
2782.0,5537.5146216426065,2011.8239526783934,1
2784.0,5537.157911510241,2012.3430619364267,1
2786.0,5536.801201377876,2012.86217119446,1
2788.0,5536.444491245512,2013.3812804524932,1
2790.0,5536.087781113147,2013.9003897105267,1
2792.0,5535.731070980782,2014.41949896856,1
2794.0,5535.3743608484165,2014.9386082265933,1
2796.0,5535.017650716051,2015.4577174846268,1
2798.0,5534.660940583686,2015.97682674266,1
2800.0,5534.304230451321,2016.4959360006933,1
2802.0,5533.947520318957,2017.0150452587266,1
2804.0,5533.590810186592,2017.53415451676,1
2806.0,5533.2341000542265,2018.0532637747933,1
2808.0,5532.877389921861,2018.5723730328266,1
2810.0,5532.520679789496,2019.0914822908599,1
2812.0,5532.163969657131,2019.6105915488934,1
2814.0,5531.807259524767,2020.1297008069266,1
2816.0,5531.450549392402,2020.64881006496,1
2818.0,5531.0938392600365,2021.1679193229934,1
2820.0,5530.737129127671,2021.6870285810267,1
2822.0,5530.380418995306,2022.20613783906,1
2824.0,5530.023708862941,2022.7252470970932,1
2826.0,5529.666998730576,2023.2443563551267,1
2828.0,5529.310288598212,2023.76346561316,1
2830.0,5528.9535784658465,2024.2825748711932,1
2832.0,5528.596868333481,2024.8016841292265,1
2834.0,5528.240158201116,2025.32079338726,1
2836.0,5527.883448068751,2025.8399026452933,1
2838.0,5527.526737936386,2026.3590119033265,1
2840.0,5527.170027804022,2026.87812116136,1
2842.0,5526.8133176716565,2027.3972304193933,1
2844.0,5526.456607539291,2027.9163396774265,1
2846.0,5526.099897406926,2028.4354489354598,1
2848.0,5525.743187274561,2028.9545581934933,1
2850.0,5525.386477142196,2029.4736674515266,1
2852.0,5525.029767009832,2029.9927767095598,1
2854.0,5524.6730568774665,2030.5118859675931,1
2856.0,5524.316346745101,2031.0309952256266,1
2858.0,5523.959636612736,2031.5501044836599,1
2860.0,5523.602926480371,2032.0692137416931,1
2862.0,5523.246216348006,2032.5883229997266,1
2864.0,5522.889506215641,2033.10743225776,1
2866.0,5522.5327960832765,2033.6265415157932,1
2868.0,5522.176085950911,2034.1456507738264,1
2870.0,5521.819375818546,2034.66476003186,1
2872.0,5521.462665686181,2035.1838692898932,1
2874.0,5521.105955553816,2035.7029785479265,1
2876.0,5520.749245421451,2036.2220878059597,1
2878.0,5520.3925352890865,2036.7411970639932,1
2880.0,5520.035825156721,2037.2603063220265,1
2882.0,5519.679115024356,2037.7794155800598,1
2884.0,5519.322404891991,2038.2985248380933,1
2886.0,5518.965694759626,2038.8176340961265,1
2888.0,5518.608984627261,2039.3367433541598,1
2890.0,5518.252274494896,2039.855852612193,1
2892.0,5517.895564362531,2040.3749618702266,1
2894.0,5517.538854230166,2040.8940711282598,1
2896.0,5517.182144097801,2041.413180386293,1
2898.0,5516.825433965436,2041.9322896443264,1
2900.0,5516.468723833071,2042.4513989023599,1
2902.0,5516.112013700706,2042.9705081603931,1
2904.0,5515.755303568341,2043.4896174184264,1
2906.0,5515.398593435976,2044.00872667646,1
2908.0,5515.041883303611,2044.5278359344932,1
2910.0,5514.685173171246,2045.0469451925264,1
2912.0,5514.328463038881,2045.5660544505597,1
2914.0,5513.971752906516,2046.0851637085932,1
2916.0,5513.61504277415,2046.6042729666265,1
2918.0,5513.258332641786,2047.1233822246597,1
2920.0,5512.901622509421,2047.642491482693,1
2922.0,5512.544912377056,2048.1616007407265,1
2924.0,5512.188202244691,2048.6807099987595,1
2926.0,5511.831492112326,2049.199819256793,1
2928.0,5511.47478197996,2049.7189285148265,1
2930.0,5511.118071847596,2050.2380377728596,1
2932.0,5510.761361715231,2050.757147030893,1
2934.0,5510.404651582866,2051.2762562889266,1
2936.0,5510.047941450501,2051.7953655469596,1
2938.0,5509.691231318136,2052.314474804993,1
2940.0,5509.33452118577,2052.8335840630266,1
2942.0,5508.977811053405,2053.3526933210596,1
2944.0,5508.621100921041,2053.871802579093,1
2946.0,5508.264390788676,2054.3909118371266,1
2948.0,5507.907680656311,2054.9100210951597,1
2950.0,5507.550970523946,2055.429130353193,1
2952.0,5507.19426039158,2055.948239611226,1
2954.0,5506.837550259215,2056.4673488692597,1
2956.0,5506.480840126851,2056.986458127293,1
2958.0,5506.124129994486,2057.5055673853262,1
2960.0,5505.767419862121,2058.0246766433597,1
2962.0,5505.410709729756,2058.543785901393,1
2964.0,5505.05399959739,2059.0628951594263,1
2966.0,5504.697289465025,2059.5820044174598,1
2968.0,5504.34057933266,2060.1011136754933,1
2970.0,5503.983869200296,2060.6202229335263,1
2972.0,5503.627159067931,2061.13933219156,1
2974.0,5503.270448935566,2061.658441449593,1
2976.0,5502.9137388032,2062.1775507076263,1
2978.0,5502.557028670835,2062.69665996566,1
2980.0,5502.20031853847,2063.215769223693,1
2982.0,5501.843608406106,2063.7348784817264,1
2984.0,5501.486898273741,2064.25398773976,1
2986.0,5501.130188141376,2064.773096997793,1
2988.0,5500.77347800901,2065.2922062558264,1
2990.0,5500.416767876645,2065.8113155138594,1
2992.0,5500.06005774428,2066.330424771893,1
2994.0,5499.703347611916,2066.8495340299264,1
2996.0,5499.346637479551,2067.3686432879595,1
2998.0,5498.989927347186,2067.887752545993,1
3000.0,5498.63321721482,2068.4068618040264,1
3002.0,5498.276507082455,2068.9259710620595,1
3004.0,5497.91979695009,2069.445080320093,1
3006.0,5497.563086817725,2069.9641895781265,1
3008.0,5497.206376685361,2070.4832988361595,1
3010.0,5496.849666552996,2071.002408094193,1
3012.0,5496.49295642063,2071.521517352226,1
3014.0,5496.136246288265,2072.0406266102596,1
3016.0,5495.7795361559,2072.559735868293,1
3018.0,5495.422826023535,2073.078845126326,1
3020.0,5487.752878072346,2095.6480834714766,1
3022.0,5463.745898896471,2190.2462575951386,1
3024.0,5399.179807323791,2385.2232576030124,1
3026.0,5363.055853130033,2480.1523382177866,1
3028.0,5348.050629850432,2513.401694645854,1
3030.0,5340.3684708117235,2534.538143295738,1
3032.0,5332.6863117730145,2555.6745919456216,1
3034.0,5326.955246907087,2571.827775044949,1
3036.0,5325.35599084992,2577.4279562515812,1
3038.0,5323.756734792754,2583.028137458214,1
3040.0,5322.157478735588,2588.6283186648466,1
3042.0,5320.558222678421,2594.2284998714795,1
3044.0,5318.958966621255,2599.828681078112,1
3046.0,5317.359710564088,2605.428862284745,1
3048.0,5315.760454506922,2611.0290434913773,1
3050.0,5314.161198449756,2616.62922469801,1
3052.0,5310.907318970331,2620.14977973451,1
3054.0,5307.536020410602,2623.5227556971313,1
3056.0,5304.1647218508715,2626.8957316597525,1
3058.0,5300.793423291142,2630.268707622374,1
3060.0,5297.422124731413,2633.6416835849955,1
3062.0,5294.050826171683,2637.0146595476167,1
3064.0,5290.679527611954,2640.387635510238,1
3066.0,5287.308229052224,2643.760611472859,1
3068.0,5283.936930492495,2647.1335874354804,1
3070.0,5280.565631932765,2650.506563398102,1
3072.0,5277.194333373036,2653.8795393607234,1
3074.0,5273.823034813306,2657.2525153233446,1
3076.0,5270.451736253576,2660.625491285966,1
3078.0,5267.051101075052,2664.0147685135953,1
3080.0,5260.311068658207,2669.2596242498025,1
3082.0,5253.57103624136,2674.5044799860093,1
3084.0,5246.8310038245145,2679.749335722216,1
3086.0,5240.090971407669,2684.9941914584233,1
3088.0,5233.350938990822,2690.23904719463,1
3090.0,5226.6109065739765,2695.483902930837,1
3092.0,5219.870874157131,2700.728758667044,1
3094.0,5213.130841740284,2705.973614403251,1
3096.0,5206.751384207659,2710.8219760743923,1
3098.0,5206.751384207659,2708.6553814612257,1
3100.0,5206.751384207659,2706.4887868480596,1
3102.0,5206.751384207659,2704.3221922348935,1
3104.0,5206.751384207659,2702.1555976217273,1
3106.0,5206.751384207659,2699.9890030085608,1
3108.0,5206.751384207659,2697.8224083953946,1
3110.0,5206.751384207659,2695.6558137822285,1
3112.0,5206.751384207659,2693.4892191690624,1
3114.0,5206.751384207659,2691.322624555896,1
3116.0,5206.751384207659,2689.1560299427297,1
3118.0,5206.751384207659,2686.9894353295635,1
3120.0,5206.751384207659,2684.8228407163974,1
3122.0,5206.751384207659,2682.656246103231,1
3124.0,5206.751384207659,2680.4896514900647,1
3126.0,5206.751384207659,2678.3230568768986,1
3128.0,5206.751384207659,2676.1564622637325,1
3130.0,5206.751384207659,2673.9898676505663,1
3132.0,5206.751384207659,2671.8232730373998,1
3134.0,5206.751384207659,2669.6566784242336,1
3136.0,5206.751384207659,2667.4900838110675,1
3138.0,5206.751384207659,2665.3234891979014,1
3140.0,5206.751384207659,2663.156894584735,1
3142.0,5206.751384207659,2660.9902999715687,1
3144.0,5206.751384207659,2658.8237053584025,1
3146.0,5206.751384207659,2656.6571107452364,1
3148.0,5206.751384207659,2654.49051613207,1
3150.0,5206.751384207659,2652.3239215189037,1
3152.0,5206.751384207659,2650.1573269057376,1
3154.0,5206.751384207659,2647.9907322925715,1
3156.0,5206.751384207659,2645.824137679405,1
3158.0,5206.751384207659,2643.6575430662388,1
3160.0,5206.751384207659,2641.4909484530726,1
3162.0,5206.751384207659,2639.3243538399065,1
3164.0,5206.751384207659,2637.1577592267404,1
3166.0,5215.86819191733,2543.8131208933114,1
3168.0,5333.940817884214,2519.273821725014,1
3170.0,5574.377247131773,2547.1936017434004,1
3172.0,5616.431920550874,2530.9142818191485,1
3174.0,5606.017369680403,2521.4417975724914,1
3176.0,5595.602818809932,2511.9693133258347,1
3178.0,5585.18826793946,2502.496829079178,1
3180.0,5574.77371706899,2493.0243448325214,1
3182.0,5564.359166198518,2483.5518605858642,1
3184.0,5553.944615328048,2474.0793763392076,1
3186.0,5525.542282930015,2456.8639783572853,1
3188.0,5479.460724288647,2432.038485517437,1
3190.0,5286.938632993737,2365.2363976776796,1
3192.0,5086.406560077715,2318.386412729125,1
3194.0,4863.194832312984,2315.058083876096,1
3196.0,4726.187617836432,2321.767910987852,1
3198.0,4578.30151449138,2324.2232959475887,1
3200.0,4466.903248777351,2383.2896436677547,1
3202.0,4420.185916636854,2462.3817655834628,1
3204.0,4354.082039129757,2574.9847670787813,1
3206.0,4229.309380361172,2679.313133589785,1
3208.0,4152.554662948926,2710.2136911146085,1
3210.0,4160.773130434527,2709.117350232408,1
3212.0,4168.991597920129,2708.0210093502074,1
3214.0,4177.21006540573,2706.9246684680065,1
3216.0,4185.428532891332,2705.8283275858057,1
3218.0,4193.647000376934,2704.7319867036053,1
3220.0,4201.865467862535,2703.6356458214045,1
3222.0,4210.083935348136,2702.5393049392037,1
3224.0,4218.302402833738,2701.442964057003,1
3226.0,4226.520870319339,2700.3466231748025,1
3228.0,4234.739337804941,2699.2502822926017,1
3230.0,4242.957805290543,2698.153941410401,1
3232.0,4309.324827515683,2706.3228295558,1
3234.0,4426.088640847102,2728.849093713397,1
3236.0,4418.114805926272,2722.3218008948033,1
3238.0,4410.140971005441,2715.7945080762097,1
3240.0,4402.167136084611,2709.2672152576156,1
3242.0,4394.193301163781,2702.739922439022,1
3244.0,4386.219466242951,2696.2126296204283,1
3246.0,4378.245631322121,2689.6853368018346,1
3248.0,4370.271796401291,2683.158043983241,1
3250.0,4362.297961480461,2676.6307511646473,1
3252.0,4359.563573383455,2670.2250497258733,1
3254.0,4411.019165076258,2665.0769303633388,1
3256.0,4460.665974326561,2656.2504647960595,1
3258.0,4485.6665164797,2646.6692779202285,1
3260.0,4477.362672481651,2637.438193910926,1
3262.0,4469.058828483604,2628.207109901624,1
3264.0,4460.754984485556,2618.9760258923216,1
3266.0,4452.451140487508,2609.7449418830192,1
3268.0,4444.14729648946,2600.5138578737174,1
3270.0,4435.843452491413,2591.282773864415,1
3272.0,4413.433049112822,2572.80824687157,1
3274.0,4304.961436919387,2505.949619466468,1
3276.0,4171.051249907958,2429.1066398670073,1
3278.0,4028.652855820186,2354.252781926626,1
3280.0,3897.8740468240617,2341.674934788838,1
3282.0,3883.2865564385133,2338.755985099056,1
3284.0,3868.699066052965,2335.837035409274,1
3286.0,3854.1115756674167,2332.918085719492,1
3288.0,3839.5240852818683,2329.99913602971,1
3290.0,3824.9365948963195,2327.080186339928,1
3292.0,3810.349104510771,2324.161236650146,1
3294.0,3759.2397232438852,2321.767910987852,1
3296.0,3609.6203859861776,2315.058083876096,1
3298.0,3492.6908758719555,2316.560390984709,1
3300.0,3407.232359703913,2307.593254781448,1
3302.0,3400.9776589758267,2266.9174717173214,1
3304.0,3391.9470831498274,2204.135579137716,1
3306.0,3382.586030474626,2093.379156717499,1
3308.0,3374.8397078284293,2073.1098061766875,1
3310.0,3365.4865839763042,2064.5318434355577,1
3312.0,3356.1334601241792,2055.9538806944274,1
3314.0,3346.7803362720547,2047.3759179532976,1
3316.0,3337.4272124199297,2038.7979552121678,1
3318.0,3328.0740885678047,2030.2199924710378,1
3320.0,3318.7209647156797,2021.642029729908,1
3322.0,3309.367840863555,2013.064066988778,1
3324.0,3268.2244397435707,1994.2986915744584,1
3326.0,3196.0120081143064,1966.7512271289477,1
3328.0,3175.791810386091,1956.636097945285,1
3330.0,3155.571612657876,1946.520968761622,1
3332.0,3135.3514149296607,1936.4058395779593,1
3334.0,3103.7279130759284,1934.1995007798507,1
3336.0,3065.2198252781805,1936.7679839564291,1
3338.0,3026.9665693551397,1939.4248083254433,1
3340.0,3011.263249082313,1949.8988973399423,1
3342.0,2995.5599288094863,1960.372986354441,1
3344.0,2979.8566085366597,1970.84707536894,1
3346.0,2964.153288263833,1981.3211643834388,1
3348.0,2948.4499679910064,1991.7952533979376,1
3350.0,2882.8085986736974,1987.1784428964681,1
3352.0,2787.533051114833,1973.2326138289545,1
3354.0,2773.277768700673,1974.3297196125034,1
3356.0,2759.022486286513,1975.4268253960522,1
3358.0,2744.7672038723526,1976.523931179601,1
3360.0,2730.5119214581923,1977.62103696315,1
3362.0,2716.2566390440325,1978.718142746699,1
3364.0,2688.870100660337,1984.2434576092014,1
3366.0,2616.646192608947,2004.8891271353802,1
3368.0,2456.574976119824,2101.374923067727,1
3370.0,2386.2898765559876,2286.2719175186053,1
3372.0,2297.894326199291,2304.846626942242,1
3374.0,2242.957498632757,2309.27287131695,1
3376.0,2177.73576219375,2313.9338847291747,1
3378.0,2080.250804569593,2315.058083876096,1
3380.0,1955.3128352062495,2328.316426882345,1
3382.0,1865.7512526326361,2346.1570001321475,1
3384.0,1849.1039868545256,2349.3412947977426,1
3386.0,1844.0010600161172,2350.1922057677057,1
3388.0,1838.8981331777088,2351.0431167376687,1
3390.0,1833.7952063393004,2351.8940277076317,1
3392.0,1828.692279500892,2352.7449386775947,1
3394.0,1823.5893526624836,2353.5958496475578,1
3396.0,1818.4864258240752,2354.446760617521,1
3398.0,1813.3834989856668,2355.297671587484,1
3400.0,1808.2805721472585,2356.148582557447,1
3402.0,1803.1776453088503,2356.99949352741,1
3404.0,1798.074718470442,2357.850404497373,1
3406.0,1792.9717916320335,2358.701315467336,1
3408.0,1787.868864793625,2359.552226437299,1
3410.0,1782.7659379552167,2360.403137407262,1
3412.0,1777.6630111168083,2361.254048377225,1
3414.0,1772.5600842784,2362.104959347188,1
3416.0,1767.4571574399915,2362.955870317151,1
3418.0,1762.3542306015831,2363.806781287114,1
3420.0,1757.2513037631747,2364.657692257077,1
3422.0,1752.1483769247664,2365.50860322704,1
3424.0,1747.045450086358,2366.359514197003,1
3426.0,1741.9425232479496,2367.210425166966,1
3428.0,1736.8395964095412,2368.061336136929,1
3430.0,1730.931800519116,2369.3562166162355,1
3432.0,1721.9274997276243,2372.3591435885205,1
3434.0,1712.9231989361326,2375.3620705608055,1
3436.0,1703.9188981446412,2378.364997533091,1
3438.0,1694.9145973531495,2381.367924505376,1
3440.0,1685.9102965616578,2384.3708514776613,1
3442.0,1676.905995770166,2387.3737784499463,1
3444.0,1667.9016949786744,2390.3767054222317,1
3446.0,1658.8973941871827,2393.3796323945166,1
3448.0,1649.893093395691,2396.382559366802,1
3450.0,1640.8887926041996,2399.385486339087,1
3452.0,1631.884491812708,2402.3884133113725,1
3454.0,1622.8801910212162,2405.3913402836574,1
3456.0,1613.8758902297245,2408.3942672559424,1
3458.0,1602.5974969501583,2420.3714430419573,1
3460.0,1590.7496208419038,2434.5959683208325,1
3462.0,1578.9017447336496,2448.8204935997082,1
3464.0,1567.0538686253954,2463.0450188785835,1
3466.0,1555.2059925171409,2477.2695441574588,1
3468.0,1503.9461071808287,2526.4874062184795,1
3470.0,1337.1064977960418,2887.441018592521,1
3472.0,1584.2434645377796,3007.712976293522,1
3474.0,1898.9103284426092,2959.8183342165903,1
3476.0,2168.3503886797184,2911.3257332776425,1
3478.0,2209.586320473689,2911.2505050393042,1
3480.0,2210.538349074915,2919.8230256205993,1
3482.0,2211.4903776761407,2928.395546201894,1
3484.0,2212.442406277367,2936.968066783189,1
3486.0,2213.394434878593,2945.5405873644836,1
3488.0,2214.346463479819,2954.1131079457787,1
3490.0,2215.298492081045,2962.6856285270733,1
3492.0,2183.0148280750227,3143.512648842067,1
3494.0,2161.4521617966775,3304.1672408530508,1
3496.0,2148.591820596398,3629.581411321213,1
3498.0,2160.837619034868,3879.893076814668,1
3500.0,2171.293455474582,3935.750386021033,1
3502.0,2181.656943417365,3977.2249633693264,1
3504.0,2200.4336572822904,4098.803861043581,1
3506.0,2202.243742765017,4483.273106168459,1
3508.0,2182.124271951785,4786.394508904913,1
3510.0,2155.298310867476,5029.301543885421,1
3512.0,2175.417781680708,5257.832832067603,1
3514.0,2175.417781680708,5444.610129907919,1
3516.0,2145.2994649942316,5544.7747541076205,1
3518.0,2071.670011498562,5582.74388730135,1
3520.0,1949.4647669492194,5582.74388730135,1
3522.0,1835.3059091060845,5566.5055061055355,1
3524.0,1714.7927732026824,5484.220357068892,1
3526.0,1650.9675449390822,5401.53807200066,1
3528.0,1646.656993040401,5336.847622539027,1
3530.0,1642.6409202048271,5282.5077665630315,1
3532.0,1637.095695992192,5229.624101766375,1
3534.0,1594.8915454790808,5135.811187907901,1
3536.0,1506.807940453432,4961.631915567974,1
3538.0,1488.7487040735523,4962.6740014681245,1
3540.0,1471.4345317338577,4981.4403541320735,1
3542.0,1454.1203593941632,5000.2067067960215,1
3544.0,1436.8061870544686,5018.97305945997,1
3546.0,1424.290871320047,5136.017105799972,1
3548.0,1402.4980801290933,5483.730987573101,1
3550.0,1377.3454394225057,5676.040937034555,1
3552.0,1362.699069920074,5687.793313209617,1
3554.0,1344.9518965369734,5676.866541788572,1
3556.0,1327.204723153873,5665.939770367529,1
3558.0,1309.4575497707724,5655.012998946485,1
3560.0,1291.7103763876719,5644.086227525441,1
3562.0,1035.0077375985488,5598.973428016084,1
3564.0,777.3300851550317,5582.74388730135,1
3566.0,694.2761529505294,5562.337262853771,1
3568.0,682.0872079359722,5547.432251032179,1
3570.0,669.8982629214149,5532.527239210587,1
3572.0,657.7093179068577,5517.622227388995,1
3574.0,645.5203728923004,5502.717215567403,1
3576.0,618.3211084083517,5360.440971622619,1
3578.0,628.0689655121964,5139.659850695372,1
3580.0,628.9299826887273,5046.246437127087,1
3582.0,638.3114428032012,4952.574291513338,1
3584.0,634.2765711737626,4881.019078072893,1
3586.0,636.1435220220014,4749.1229352329465,1
3588.0,644.9747229887081,4639.606072602132,1
3590.0,624.0423859967641,4495.7518951968505,1
3592.0,527.903308694642,4495.7518951968505,1
3594.0,366.3520350498302,4500.365735416996,1
3596.0,241.23347752572028,4484.116107177848,1
3598.0,130.17938076242532,4465.597881816674,1
3600.0,60.533464691422296,4575.182016080585,0
3602.0,56.1668560202726,4812.931644107114,0
3604.0,56.1668560202726,4969.462729266855,0
3606.0,113.43757088470642,4998.988928578563,0
3608.0,234.88029328202273,4994.998694052002,0
3610.0,359.959584287924,4998.988928578563,0
3612.0,480.0847479906259,4998.988928578563,0
3614.0,572.3894867677727,4993.515179873697,0
3616.0,683.9249985544947,4968.5608228676065,0
3618.0,837.8448177241955,4945.310311684514,0
3620.0,1043.1513974551792,4943.855242856449,0
3622.0,1274.6588469749956,4918.471003237489,0
3624.0,1542.062844974417,4906.43079809385,0
3626.0,1797.9381826226374,4896.142502485506,0
3628.0,2130.410105076316,4912.158768432468,0
